timestamp,bid_price_0,bid_price_1,bid_price_2,bid_price_3,bid_price_4,bid_volume_0,bid_volume_1,bid_volume_2,bid_volume_3,bid_volume_4,ask_price_0,ask_price_1,ask_price_2,ask_price_3,ask_price_4,ask_volume_0,ask_volume_1,ask_volume_2,ask_volume_3,ask_volume_4
1743640391,83265.69000000,83265.45000000,83264.33000000,83264.00000000,83263.99000000,0.09230000,0.09230000,4.12923000,0.05790000,0.00007000,83258.81000000,83258.82000000,83259.00000000,83259.01000000,83259.08000000,0.00000000,0.00000000,0.00000000,0.00000000,0.00000000
1743640392,83269.05000000,83269.04000000,83269.02000000,83268.78000000,83268.76000000,0.00000000,0.00000000,0.00000000,0.00000000,0.00000000,83264.72000000,83264.73000000,83265.11000000,83265.13000000,83265.28000000,7.63454000,0.00186000,0.00127000,0.00397000,0.00151000
1743640393,83264.71000000,83264.70000000,83264.06000000,83264.01000000,83264.00000000,0.00000000,0.00000000,0.00000000,0.00000000,0.00000000,83261.24000000,83261.25000000,83261.35000000,83261.56000000,83261.99000000,6.81085000,0.00196000,0.00258000,0.00000000,0.00021000
1743640394,83261.23000000,83260.73000000,83260.72000000,83259.16000000,83259.15000000,0.35171000,0.00007000,0.00139000,0.00023000,0.18439000,83261.24000000,83261.25000000,83262.00000000,83262.13000000,83262.88000000,5.11383000,0.00186000,0.05811000,0.00014000,0.00124000
1743640395,83261.23000000,83260.72000000,83260.37000000,83260.36000000,83260.35000000,1.54749000,0.00139000,0.00037000,0.07798000,0.00007000,83261.24000000,83261.25000000,83261.34000000,83261.35000000,83261.36000000,1.60867000,0.00186000,0.00021000,0.53809000,0.79296000
1743640397,83265.12000000,83265.11000000,83265.10000000,83265.09000000,83264.89000000,4.67944000,0.15193000,0.35203000,0.00000000,0.00127000,83261.24000000,83261.25000000,83261.34000000,83261.35000000,83261.36000000,0.00000000,0.00000000,0.00000000,0.00000000,0.00000000
1743640397,83265.12000000,83265.11000000,83265.10000000,83264.89000000,83264.00000000,0.00000000,0.00000000,0.00000000,0.00000000,0.00000000,83261.82000000,83261.83000000,83261.93000000,83261.99000000,83262.00000000,2.91740000,0.00186000,0.00259000,0.00021000,0.05811000
1743640398,83266.52000000,83266.51000000,83266.32000000,83266.09000000,83266.08000000,3.01342000,0.00576000,0.23451000,0.00014000,0.00014000,83261.82000000,83261.83000000,83261.92000000,83261.93000000,83261.94000000,0.00000000,0.00000000,0.00000000,0.00000000,0.00000000
1743640399,83269.96000000,83269.95000000,83269.86000000,83269.61000000,83269.60000000,5.42155000,0.00405000,0.00007000,0.12414000,0.04831000,83266.53000000,83266.54000000,83267.25000000,83267.26000000,83267.28000000,0.00000000,0.00000000,0.00000000,0.00000000,0.00000000
1743640400,83272.29000000,83272.28000000,83272.18000000,83272.15000000,83272.05000000,3.84168000,0.00096000,0.00139000,0.00007000,0.00007000,83269.97000000,83269.98000000,83269.99000000,83270.00000000,83270.10000000,0.00000000,0.00000000,0.00000000,0.00000000,0.00000000
1743640402,83272.29000000,83272.28000000,83272.21000000,83272.20000000,83272.15000000,4.49521000,0.00096000,0.00021000,0.02014000,0.00007000,83272.30000000,83272.31000000,83272.33000000,83272.54000000,83272.55000000,1.78693000,0.00209000,0.00014000,0.00021000,0.01514000
1743640402,83272.29000000,83270.63000000,83270.61000000,83270.58000000,83270.53000000,4.51396000,0.00007000,0.38741000,0.04149000,0.00000000,83272.30000000,83272.33000000,83272.55000000,83273.02000000,83273.14000000,1.95034000,0.00007000,0.01514000,0.00007000,0.00047000
1743640403,83272.29000000,83272.00000000,83271.47000000,83271.43000000,83270.64000000,3.92854000,0.05797000,0.00000000,0.17333000,0.00007000,83272.30000000,83272.31000000,83272.54000000,83272.55000000,83272.98000000,2.18941000,0.00209000,0.00021000,0.01514000,0.00007000
1743640404,83272.29000000,83270.63000000,83270.62000000,83270.58000000,83269.84000000,3.46366000,0.34548000,0.00000000,0.00000000,0.00000000,83272.30000000,83272.31000000,83272.55000000,83273.02000000,83273.07000000,2.04710000,0.00198000,0.01514000,0.00007000,0.00007000
1743640405,83272.29000000,83267.57000000,83266.30000000,83265.38000000,83263.87000000,3.46498000,0.00000000,0.00000000,0.00000000,0.00000000,83272.30000000,83272.54000000,83272.55000000,83272.94000000,83273.02000000,2.03705000,0.00021000,0.01514000,0.00007000,0.00007000
1743640406,83272.29000000,83267.69000000,83261.72000000,83259.89000000,83257.30000000,3.88429000,0.11355000,0.00000000,0.02622000,0.00000000,83272.30000000,83272.55000000,83273.98000000,83273.99000000,83274.34000000,2.03448000,0.01514000,0.00000000,0.00045000,0.00251000
1743640407,83272.29000000,83272.01000000,83272.00000000,83271.44000000,83271.43000000,3.53938000,0.00194000,0.05797000,0.00000000,0.00000000,83272.30000000,83272.31000000,83272.32000000,83272.54000000,83272.55000000,1.78095000,0.00198000,0.00015000,0.00021000,0.01514000
1743640408,83285.99000000,83285.98000000,83285.76000000,83285.57000000,83285.48000000,0.97123000,0.00096000,0.00000000,0.00007000,0.00000000,83272.30000000,83272.31000000,83272.32000000,83272.33000000,83272.54000000,0.00000000,0.00000000,0.00000000,0.00000000,0.00000000
1743640409,83285.99000000,83285.98000000,83285.59000000,83285.58000000,83285.57000000,2.20817000,0.00096000,0.00007000,0.00151000,0.00127000,83286.00000000,83286.01000000,83286.13000000,83286.14000000,83286.15000000,1.79320000,0.00206000,0.00029000,0.00259000,0.00007000
1743640410,83285.99000000,83285.92000000,83283.87000000,83283.70000000,83283.63000000,2.22991000,0.00000000,0.03078000,0.02000000,0.00000000,83286.00000000,83286.01000000,83286.12000000,83286.13000000,83286.16000000,1.43371000,0.00206000,0.00021000,0.13642000,0.00007000
1743640411,83289.14000000,83289.13000000,83288.88000000,83288.84000000,83288.80000000,4.19202000,0.00007000,0.00000000,0.00007000,0.04831000,83286.00000000,83286.01000000,83286.12000000,83286.13000000,83286.14000000,0.00000000,0.00000000,0.00000000,0.00000000,0.00000000
1743640412,83289.99000000,83289.98000000,83289.73000000,83289.22000000,83289.21000000,3.47320000,0.00096000,0.00007000,0.00021000,0.06234000,83289.15000000,83289.16000000,83289.99000000,83290.00000000,83290.01000000,0.00000000,0.00000000,0.00000000,0.14958000,0.00196000
1743640413,83289.99000000,83289.22000000,83289.21000000,83289.18000000,83289.15000000,2.18954000,0.00007000,0.00007000,0.00007000,0.00000000,83290.00000000,83292.00000000,83292.72000000,83292.73000000,83292.74000000,2.93959000,0.05997000,0.00014000,0.41720000,0.00008000
1743640415,83295.30000000,83295.29000000,83295.21000000,83295.20000000,83295.19000000,3.54056000,0.00097000,0.00021000,0.04831000,0.00007000,83290.00000000,83290.01000000,83290.03000000,83290.13000000,83290.17000000,0.00000000,0.00000000,0.00000000,0.00000000,0.00000000
1743640415,83295.30000000,83295.20000000,83295.19000000,83294.96000000,83294.28000000,1.13177000,0.02014000,0.00007000,0.00007000,0.00007000,83295.31000000,83295.32000000,83296.00000000,83296.03000000,83296.06000000,1.99244000,0.00204000,0.06011000,0.00007000,0.00008000
1743640416,83309.23000000,83309.22000000,83309.21000000,83308.94000000,83308.71000000,2.77200000,0.00104000,0.00007000,0.00000000,0.00007000,83295.31000000,83295.32000000,83295.52000000,83295.98000000,83295.99000000,0.00000000,0.00000000,0.00000000,0.00000000,0.00000000
1743640417,83309.23000000,83309.22000000,83309.21000000,83308.78000000,83308.74000000,0.00000000,0.00000000,0.00000000,0.00000000,0.00000000,83306.37000000,83306.38000000,83306.84000000,83306.85000000,83306.86000000,6.28597000,0.00804000,0.00021000,0.75349000,0.00298000
1743640418,83306.36000000,83306.01000000,83306.00000000,83305.99000000,83305.76000000,2.79732000,0.00021000,0.05825000,0.01940000,0.00014000,83306.37000000,83306.38000000,83306.53000000,83306.84000000,83306.85000000,0.00886000,0.00251000,0.00260000,0.00007000,0.00007000
1743640419,83310.46000000,83310.45000000,83310.44000000,83310.26000000,83310.02000000,3.55461000,0.00096000,0.00007000,0.00000000,0.00021000,83306.37000000,83306.38000000,83306.53000000,83306.84000000,83306.85000000,0.00000000,0.00000000,0.00000000,0.00000000,0.00000000
1743640420,83310.46000000,83306.36000000,83303.59000000,83295.32000000,83295.31000000,3.07509000,1.40513000,0.00000000,0.35560000,0.69748000,83310.47000000,83312.00000000,83312.29000000,83312.30000000,83312.91000000,1.35239000,0.05997000,0.00014000,0.16420000,0.00000000
1743640421,83310.46000000,83310.02000000,83310.01000000,83310.00000000,83309.22000000,1.73934000,0.00021000,0.04236000,0.05825000,0.00014000,83310.47000000,83311.33000000,83311.98000000,83311.99000000,83312.00000000,1.70531000,0.10744000,0.00000000,0.00023000,0.05997000
1743640422,83310.46000000,83308.00000000,83306.36000000,83303.76000000,83303.11000000,1.84964000,0.10600000,0.65988000,0.32522000,0.00000000,83310.47000000,83311.33000000,83311.98000000,83311.99000000,83312.00000000,1.46833000,0.10744000,0.00000000,0.00023000,0.05997000
1743640423,83310.46000000,83310.02000000,83310.01000000,83309.21000000,83309.11000000,1.81647000,0.00007000,0.00021000,0.00021000,0.00014000,83310.47000000,83310.48000000,83310.49000000,83310.50000000,83311.32000000,3.24825000,0.00216000,0.00021000,0.11850000,0.00053000
1743640424,83310.46000000,83310.02000000,83310.01000000,83309.21000000,83309.11000000,1.69603000,0.00007000,0.00021000,0.00021000,0.00014000,83310.47000000,83310.48000000,83311.75000000,83312.00000000,83312.14000000,3.46900000,0.00206000,0.00253000,0.05997000,0.00000000
1743640425,83310.46000000,83308.89000000,83299.71000000,83299.19000000,83298.35000000,2.48108000,0.00252000,0.00600000,0.02400000,0.41696000,83310.47000000,83310.60000000,83310.67000000,83311.31000000,83311.75000000,2.84774000,0.00034000,0.00258000,0.00010000,0.00000000
1743640426,83310.46000000,83310.02000000,83310.01000000,83309.21000000,83309.11000000,2.48107000,0.00021000,0.03072000,0.00007000,0.00000000,83310.47000000,83314.69000000,83316.88000000,83319.11000000,83320.88000000,2.81352000,0.01500000,0.42517000,0.79227000,0.00000000
1743640427,83310.46000000,83310.01000000,83309.21000000,83309.10000000,83308.57000000,2.79795000,0.03068000,0.00007000,0.02007000,0.00014000,83310.47000000,83310.50000000,83310.60000000,83310.65000000,83310.66000000,2.22959000,0.11850000,0.00034000,0.00021000,0.23254000
1743640428,83310.46000000,83309.21000000,83307.10000000,83306.71000000,83306.36000000,2.82795000,0.00021000,0.00000000,0.00000000,0.05581000,83310.47000000,83310.50000000,83310.65000000,83310.66000000,83311.31000000,1.76780000,0.11850000,0.00007000,0.00007000,0.00024000
1743640429,83310.46000000,83309.21000000,83307.59000000,83306.36000000,83306.02000000,2.86726000,0.00007000,0.00000000,0.03181000,0.00007000,83310.47000000,83310.50000000,83311.30000000,83311.31000000,83311.32000000,1.79710000,0.11850000,0.00044000,0.32251000,0.00009000
1743640430,83310.46000000,83309.21000000,83307.11000000,83306.02000000,83304.91000000,2.98389000,0.00021000,0.00000000,0.00000000,0.00600000,83310.47000000,83314.40000000,83314.69000000,83315.81000000,83318.34000000,1.72935000,0.00000000,0.37242000,0.33147000,0.00000000
1743640431,83310.46000000,83310.02000000,83310.01000000,83310.00000000,83309.21000000,1.73830000,0.00021000,0.06026000,0.11546000,0.00007000,83310.47000000,83310.50000000,83311.30000000,83311.31000000,83311.32000000,3.04718000,0.11850000,0.00030000,0.00010000,0.00023000
1743640432,83310.46000000,83310.45000000,83310.44000000,83310.36000000,83310.02000000,0.00000000,0.00000000,0.00000000,0.00000000,0.00000000,83306.37000000,83306.38000000,83306.53000000,83306.54000000,83306.88000000,0.05771000,0.00186000,0.00007000,0.00259000,0.00007000
1743640433,83314.65000000,83314.64000000,83314.45000000,83314.40000000,83314.34000000,5.13278000,0.00000000,0.23451000,0.04831000,0.00000000,83306.37000000,83306.38000000,83306.53000000,83306.54000000,83306.88000000,0.00000000,0.00000000,0.00000000,0.00000000,0.00000000
1743640434,83331.99000000,83331.98000000,83331.88000000,83331.83000000,83331.82000000,1.72396000,0.00097000,0.00015000,0.00021000,0.07012000,83314.66000000,83314.67000000,83314.68000000,83314.69000000,83315.30000000,0.00000000,0.00000000,0.00000000,0.00000000,0.00000000
1743640435,83331.99000000,83326.58000000,83325.78000000,83324.48000000,83323.65000000,1.99036000,0.00007000,0.00007000,0.00132000,0.00300000,83332.00000000,83333.06000000,83333.07000000,83333.59000000,83333.99000000,1.47202000,0.00007000,0.00007000,0.00014000,0.00014000
1743640436,83331.99000000,83331.47000000,83330.00000000,83329.92000000,83328.02000000,1.88584000,0.00030000,0.05811000,0.00007000,0.00014000,83332.00000000,83332.01000000,83332.30000000,83332.36000000,83332.37000000,1.02142000,0.00245000,0.00020000,0.00308000,0.10535000
1743640437,83331.99000000,83329.66000000,83327.85000000,83326.05000000,83325.00000000,1.94892000,0.00030000,0.00030000,0.00030000,0.00013000,83332.00000000,83332.30000000,83332.36000000,83332.37000000,83332.40000000,0.83864000,0.00007000,0.00294000,0.00029000,0.00007000
1743640438,83331.99000000,83324.66000000,83322.98000000,83321.94000000,83321.44000000,3.57277000,0.19533000,0.04000000,0.00000000,0.00016000,83332.00000000,83332.41000000,83332.83000000,83332.84000000,83332.85000000,1.53729000,0.00007000,0.00120000,0.00120000,0.00270000
1743640439,83332.84000000,83332.83000000,83332.82000000,83332.80000000,83332.40000000,2.74929000,0.79325000,0.03729000,0.00000000,0.00000000,83332.00000000,83332.01000000,83332.30000000,83332.36000000,83332.37000000,0.00000000,0.00000000,0.00000000,0.00000000,0.00000000
1743640440,83332.84000000,83332.29000000,83332.01000000,83332.00000000,83327.71000000,2.63650000,0.06853000,0.19312000,0.05804000,0.00000000,83332.85000000,83333.26000000,83333.62000000,83333.65000000,83334.00000000,0.91117000,0.00007000,0.00127000,0.00270000,0.05803000
1743640441,83332.84000000,83332.29000000,83332.01000000,83332.00000000,83331.47000000,1.79439000,0.06853000,0.20425000,0.05924000,0.00000000,83332.85000000,83333.26000000,83333.59000000,83333.60000000,83333.62000000,2.49282000,0.00007000,0.00021000,0.04824000,0.00120000
1743640442,83332.84000000,83332.83000000,83332.82000000,83332.48000000,83332.47000000,1.95170000,0.00097000,0.00007000,0.00007000,0.00007000,83332.85000000,83332.86000000,83333.00000000,83333.01000000,83333.59000000,3.30371000,0.00187000,0.00021000,0.18539000,0.00007000
1743640444,83339.99000000,83339.98000000,83339.96000000,83339.93000000,83339.92000000,0.00000000,0.00000000,0.00000000,0.00000000,0.00000000,83332.85000000,83332.86000000,83333.00000000,83333.01000000,83333.03000000,0.00000000,0.00000000,0.00000000,0.00000000,0.00000000
1743640444,83336.03000000,83336.02000000,83336.01000000,83336.00000000,83335.93000000,0.00000000,0.00000000,0.00000000,0.00000000,0.00000000,83319.52000000,83319.53000000,83319.56000000,83320.00000000,83320.01000000,8.29630000,0.60371000,0.00000000,0.05825000,0.00000000
1743640446,83319.51000000,83319.50000000,83318.81000000,83318.80000000,83318.72000000,0.00000000,0.00000000,0.00000000,0.00000000,0.00000000,83300.01000000,83300.02000000,83300.20000000,83300.26000000,83300.27000000,1.51527000,0.16863000,0.00259000,0.00007000,0.00007000
1743640446,83306.22000000,83306.21000000,83306.02000000,83306.01000000,83306.00000000,0.00000000,0.00000000,0.00000000,0.00000000,0.00000000,83300.01000000,83300.02000000,83300.20000000,83300.21000000,83300.22000000,0.00000000,0.00000000,0.00000000,0.00000000,0.00000000
1743640447,83301.33000000,83301.32000000,83300.94000000,83300.50000000,83300.49000000,0.29384000,0.00258000,0.00202000,0.00014000,0.00007000,83301.34000000,83301.35000000,83301.36000000,83301.37000000,83301.50000000,5.41741000,0.00186000,0.00021000,0.12108000,0.00021000
1743640448,83301.33000000,83301.32000000,83300.95000000,83300.94000000,83300.50000000,0.00000000,0.00000000,0.00000000,0.00000000,0.00000000,83300.01000000,83300.02000000,83300.20000000,83300.29000000,83300.30000000,6.85702000,0.00187000,0.00507000,0.00000000,0.00000000
1743640449,83300.00000000,83299.99000000,83299.67000000,83299.60000000,83299.42000000,0.00000000,0.00000000,0.00000000,0.00000000,0.00000000,83290.01000000,83290.02000000,83290.88000000,83290.89000000,83291.97000000,6.79590000,0.00195000,0.00000000,0.00007000,0.00021000
1743640450,83290.00000000,83289.99000000,83289.88000000,83289.59000000,83289.58000000,4.63598000,0.00136000,0.00007000,0.00021000,0.37015000,83290.01000000,83290.02000000,83290.20000000,83290.50000000,83290.51000000,0.86490000,0.00187000,0.00251000,0.00000000,0.00000000
1743640451,83290.00000000,83289.59000000,83289.58000000,83289.57000000,83289.26000000,4.66866000,0.00080000,0.12933000,0.00021000,0.00068000,83290.01000000,83290.20000000,83290.40000000,83290.55000000,83291.16000000,0.00467000,0.00258000,0.00000000,0.00014000,0.00000000
1743640452,83299.65000000,83299.64000000,83299.40000000,83299.39000000,83299.29000000,1.81467000,0.00089000,0.00014000,0.06033000,0.00000000,83290.01000000,83290.02000000,83290.20000000,83290.55000000,83292.20000000,0.00000000,0.00000000,0.00000000,0.00000000,0.00000000
1743640453,83299.65000000,83299.64000000,83299.40000000,83299.39000000,83299.22000000,0.00000000,0.00000000,0.00000000,0.00000000,0.00000000,83290.29000000,83290.30000000,83290.48000000,83290.71000000,83290.76000000,5.29570000,0.00187000,0.00256000,0.00000000,0.00007000
1743640454,83290.28000000,83290.00000000,83289.95000000,83289.88000000,83289.73000000,2.05933000,0.23116000,0.00821000,0.00017000,0.00007000,83290.29000000,83290.77000000,83290.93000000,83290.94000000,83290.95000000,3.95430000,0.00007000,0.00021000,1.04561000,0.00014000
1743640455,83290.28000000,83290.00000000,83289.73000000,83288.80000000,83288.75000000,2.39352000,0.23116000,0.00007000,0.00000000,0.00014000,83290.29000000,83290.94000000,83290.95000000,83290.96000000,83291.42000000,3.44766000,0.55954000,0.00028000,0.79373000,0.04014000
1743640456,83290.28000000,83290.27000000,83290.24000000,83290.23000000,83290.02000000,0.00000000,0.00000000,0.00000000,0.00000000,0.00000000,83287.26000000,83287.27000000,83287.37000000,83287.43000000,83287.44000000,4.26116000,0.00187000,0.00007000,0.00007000,0.00007000
1743640457,83287.25000000,83287.24000000,83287.04000000,83287.03000000,83286.41000000,0.20494000,0.00116000,0.00007000,0.00007000,0.00007000,83287.26000000,83287.27000000,83287.36000000,83287.37000000,83287.47000000,4.25870000,0.00187000,0.00021000,0.16855000,0.00007000
1743640458,83287.25000000,83286.01000000,83286.00000000,83285.59000000,83285.42000000,0.37198000,0.00028000,0.05804000,0.00000000,0.00021000,83287.26000000,83288.03000000,83290.00000000,83290.05000000,83290.10000000,4.27256000,0.01796000,0.05804000,0.35560000,0.00000000
1743640459,83287.25000000,83287.24000000,83287.07000000,83287.04000000,83287.03000000,0.00000000,0.00000000,0.00000000,0.00000000,0.00000000,83274.40000000,83274.89000000,83275.23000000,83275.60000000,83275.73000000,5.36692000,0.00007000,0.00007000,0.00000000,0.00007000
1743640461,83274.39000000,83274.38000000,83274.24000000,83274.01000000,83274.00000000,0.00000000,0.00000000,0.00000000,0.00000000,0.00000000,83248.17000000,83248.18000000,83248.31000000,83248.32000000,83248.33000000,5.22481000,0.00015000,0.00007000,0.00021000,0.00007000
1743640462,83248.16000000,83248.15000000,83248.10000000,83248.01000000,83248.00000000,0.00606000,0.00097000,0.00007000,0.00007000,0.00217000,83248.17000000,83248.18000000,83248.32000000,83248.33000000,83248.34000000,5.69788000,0.00194000,0.00007000,0.00007000,0.00260000
1743640462,83248.16000000,83248.15000000,83248.10000000,83248.02000000,83248.01000000,0.00000000,0.00000000,0.00000000,0.00000000,0.00000000,83244.77000000,83244.78000000,83244.93000000,83245.02000000,83245.45000000,5.59175000,0.00186000,0.00259000,0.00007000,0.00021000
1743640463,83244.76000000,83244.64000000,83244.60000000,83244.18000000,83244.15000000,0.28576000,0.00007000,0.00007000,0.00007000,0.00020000,83244.77000000,83245.45000000,83245.46000000,83245.65000000,83245.66000000,5.66836000,0.00007000,0.00007000,0.00021000,0.87460000
1743640464,83245.82000000,83245.81000000,83245.71000000,83245.70000000,83245.68000000,3.80401000,0.00112000,0.00021000,0.08801000,0.00007000,83244.77000000,83244.78000000,83244.93000000,83245.00000000,83245.02000000,0.00000000,0.00000000,0.00000000,0.00000000,0.00000000
1743640465,83245.82000000,83245.71000000,83245.70000000,83245.66000000,83245.65000000,0.40591000,0.00007000,0.00007000,0.00007000,0.00007000,83245.83000000,83245.84000000,83245.98000000,83245.99000000,83246.00000000,3.48108000,0.00186000,0.00029000,0.63269000,0.22024000
1743640466,83245.82000000,83245.68000000,83245.65000000,83244.77000000,83244.76000000,1.33413000,0.00014000,0.00007000,0.00000000,0.00000000,83245.83000000,83245.99000000,83246.00000000,83246.01000000,83246.47000000,2.14381000,0.31353000,0.05832000,0.18992000,0.00021000
1743640467,83245.82000000,83245.81000000,83245.80000000,83245.71000000,83245.70000000,0.00000000,0.00000000,0.00000000,0.00000000,0.00000000,83232.26000000,83232.27000000,83232.41000000,83232.79000000,83232.85000000,3.78040000,0.00097000,0.00259000,0.00000000,0.00007000
1743640468,83237.54000000,83237.53000000,83237.08000000,83237.07000000,83236.73000000,2.09803000,0.00145000,0.00007000,0.00035000,0.00021000,83232.26000000,83232.27000000,83232.41000000,83232.42000000,83232.58000000,0.00000000,0.00000000,0.00000000,0.00000000,0.00000000
1743640469,83239.19000000,83239.18000000,83238.58000000,83238.57000000,83238.38000000,3.27016000,0.00428000,0.00007000,0.00015000,0.00000000,83237.55000000,83237.56000000,83237.67000000,83237.98000000,83237.99000000,0.00000000,0.00000000,0.00000000,0.00000000,0.00000000
1743640471,83254.63000000,83254.62000000,83254.56000000,83254.48000000,83254.45000000,4.55985000,0.00103000,0.00139000,0.00247000,0.00127000,83239.20000000,83239.21000000,83239.24000000,83239.37000000,83239.43000000,0.00000000,0.00000000,0.00000000,0.00000000,0.00000000
1743640471,83254.63000000,83252.18000000,83251.85000000,83250.81000000,83250.50000000,4.61929000,0.04127000,0.00000000,0.00007000,0.00014000,83254.64000000,83254.65000000,83256.00000000,83256.45000000,83256.47000000,1.29603000,0.00216000,0.05797000,0.00000000,0.00120000
1743640473,83273.91000000,83273.90000000,83273.84000000,83273.83000000,83273.80000000,0.00000000,0.00000000,0.00000000,0.00000000,0.00000000,83254.64000000,83254.65000000,83254.68000000,83254.69000000,83254.82000000,0.00000000,0.00000000,0.00000000,0.00000000,0.00000000
1743640473,83268.26000000,83268.25000000,83268.20000000,83268.01000000,83268.00000000,0.63925000,0.00096000,0.00007000,0.00039000,0.05804000,83268.27000000,83268.28000000,83268.44000000,83268.45000000,83269.26000000,3.53219000,0.00254000,0.00159000,0.17874000,0.00021000
1743640474,83268.26000000,83268.20000000,83268.01000000,83268.00000000,83267.85000000,0.40238000,0.00007000,0.00007000,0.00014000,0.00015000,83268.27000000,83268.28000000,83269.27000000,83269.58000000,83269.59000000,3.76485000,0.00264000,0.36052000,0.00014000,0.79288000
1743640475,83268.26000000,83268.20000000,83268.01000000,83268.00000000,83267.79000000,0.39451000,0.00007000,0.00007000,0.00014000,0.00007000,83268.27000000,83274.33000000,83323.29000000,83328.14000000,83340.00000000,4.30967000,0.00008000,0.12474000,0.00000000,0.02616000
1743640476,83268.26000000,83268.01000000,83268.00000000,83267.79000000,83267.37000000,2.46134000,0.00029000,0.05818000,0.00007000,0.00000000,83268.27000000,83268.28000000,83268.41000000,83268.42000000,83268.43000000,0.60958000,0.00264000,0.00007000,0.00014000,0.00045000
1743640477,83268.26000000,83268.00000000,83267.85000000,83267.79000000,83267.19000000,1.30622000,0.05811000,0.00015000,0.00000000,0.00021000,83268.27000000,83268.42000000,83268.43000000,83268.44000000,83268.45000000,2.27856000,0.00007000,0.00165000,0.00145000,0.00265000
1743640478,83268.26000000,83268.25000000,83268.20000000,83268.18000000,83268.14000000,0.46135000,0.00096000,0.00000000,0.00000000,0.00015000,83268.27000000,83268.28000000,83268.43000000,83268.44000000,83269.58000000,2.51863000,0.79554000,0.00127000,0.00007000,0.00000000
1743640479,83268.26000000,83268.01000000,83268.00000000,83267.85000000,83267.72000000,0.46135000,0.00037000,0.05804000,0.00015000,0.00021000,83268.27000000,83268.28000000,83268.89000000,83269.59000000,83270.00000000,2.57252000,0.79544000,0.00120000,0.13532000,0.05818000
1743640480,83268.26000000,83266.43000000,83258.87000000,83256.01000000,83254.63000000,0.70374000,0.00251000,0.34428000,0.35560000,0.00000000,83268.27000000,83268.28000000,83268.41000000,83268.43000000,83270.00000000,2.56798000,0.79544000,0.14221000,0.00378000,0.05811000
1743640481,83268.26000000,83268.25000000,83268.20000000,83268.14000000,83268.01000000,0.00000000,0.00000000,0.00000000,0.00000000,0.00000000,83264.16000000,83264.17000000,83264.48000000,83264.49000000,83264.50000000,5.85285000,0.00186000,0.00021000,0.29309000,0.00014000
1743640482,83264.15000000,83264.01000000,83264.00000000,83263.45000000,83263.44000000,0.11958000,0.00027000,0.00007000,0.00007000,0.00007000,83264.16000000,83266.00000000,83266.56000000,83267.82000000,83268.41000000,6.44053000,0.05797000,0.35560000,0.00007000,0.00000000
1743640483,83264.15000000,83264.06000000,83264.01000000,83264.00000000,83263.96000000,2.06115000,0.00007000,0.00021000,0.05804000,0.00000000,83264.16000000,83264.49000000,83264.50000000,83264.51000000,83264.89000000,4.16377000,0.29309000,0.00007000,0.00015000,0.00007000
1743640484,83265.58000000,83265.57000000,83265.54000000,83265.53000000,83265.34000000,3.71832000,0.00089000,0.00000000,0.00000000,0.00014000,83264.16000000,83264.17000000,83264.48000000,83264.49000000,83264.50000000,0.00000000,0.00000000,0.00000000,0.00000000,0.00000000
1743640485,83269.99000000,83269.98000000,83269.74000000,83269.73000000,83269.72000000,1.97265000,0.00089000,0.00000000,0.00000000,0.00000000,83265.59000000,83265.60000000,83265.66000000,83265.70000000,83265.73000000,0.00000000,0.00000000,0.00000000,0.00000000,0.00000000
1743640486,83269.99000000,83269.68000000,83269.62000000,83269.61000000,83269.60000000,1.96819000,0.00022000,0.00000000,0.00000000,0.00007000,83270.00000000,83270.01000000,83270.02000000,83270.25000000,83270.26000000,2.56043000,0.37249000,0.00007000,0.00021000,0.79288000
1743640487,83269.99000000,83269.68000000,83269.62000000,83269.61000000,83269.60000000,4.03183000,0.00015000,0.00014000,0.05240000,0.04838000,83270.00000000,83270.01000000,83270.02000000,83270.13000000,83270.24000000,1.17085000,0.00210000,0.20597000,0.00014000,0.00000000
1743640488,83270.01000000,83270.00000000,83269.99000000,83269.98000000,83269.62000000,5.78953000,1.38763000,1.56171000,0.00000000,0.00000000,83270.00000000,83270.01000000,83270.02000000,83270.03000000,83270.13000000,0.00000000,0.00000000,0.11003000,0.00196000,0.00014000
1743640489,83274.05000000,83274.00000000,83273.99000000,83273.98000000,83273.89000000,3.49076000,0.05804000,0.00000000,0.00000000,0.35134000,83270.02000000,83270.03000000,83270.13000000,83270.18000000,83270.19000000,0.00000000,0.00000000,0.00000000,0.00000000,0.00000000
1743640490,83276.07000000,83276.06000000,83276.01000000,83276.00000000,83275.99000000,3.98744000,0.00096000,0.00014000,0.10607000,0.00000000,83274.06000000,83274.07000000,83274.33000000,83274.58000000,83274.59000000,0.00000000,0.00000000,0.00000000,0.00000000,0.00000000
1743640491,83276.07000000,83276.00000000,83274.12000000,83274.11000000,83274.07000000,3.98881000,0.10607000,0.00000000,0.00000000,0.00021000,83276.08000000,83276.09000000,83281.93000000,83285.39000000,83286.88000000,2.43993000,0.00212000,0.00000000,0.02390000,0.00000000
1743640492,83276.07000000,83272.32000000,83271.52000000,83270.54000000,83270.01000000,3.98885000,0.00000000,0.00000000,0.00600000,0.04252000,83276.08000000,83276.09000000,83276.64000000,83276.85000000,83282.17000000,2.37306000,0.00213000,0.00016000,0.00120000,0.00000000
1743640493,83276.07000000,83276.06000000,83276.01000000,83276.00000000,83275.95000000,0.00000000,0.00000000,0.00000000,0.00000000,0.00000000,83255.83000000,83256.01000000,83256.02000000,83256.08000000,83256.09000000,0.09597000,1.14888000,1.64024000,1.43421000,4.82084000
1743640494,83255.40000000,83254.64000000,83254.45000000,83254.41000000,83253.33000000,0.00000000,0.00000000,0.00000000,0.00000000,0.00000000,83245.84000000,83245.85000000,83245.86000000,83246.00000000,83246.37000000,5.34598000,0.60372000,0.00000000,0.27686000,0.00000000
1743640495,83245.83000000,83245.82000000,83245.65000000,83244.94000000,83244.87000000,0.00000000,0.00000000,0.00000000,0.00000000,0.00000000,83229.39000000,83229.40000000,83229.99000000,83230.00000000,83230.01000000,4.99737000,0.00187000,0.00021000,0.05818000,0.00007000
1743640496,83229.38000000,83229.37000000,83228.82000000,83228.44000000,83228.19000000,0.00000000,0.00000000,0.00000000,0.00000000,0.00000000,83227.19000000,83227.20000000,83227.35000000,83227.76000000,83227.77000000,6.22617000,0.00187000,0.00258000,0.00021000,0.23458000
1743640497,83227.18000000,83227.17000000,83226.99000000,83226.79000000,83226.70000000,0.00000000,0.00000000,0.00000000,0.00000000,0.00000000,83210.01000000,83210.02000000,83210.03000000,83210.04000000,83210.05000000,5.33878000,0.16870000,0.00021000,1.09169000,0.00007000
1743640498,83210.00000000,83209.99000000,83209.87000000,83209.69000000,83209.68000000,0.00348000,0.00089000,0.00007000,0.00000000,0.00026000,83210.01000000,83210.02000000,83210.03000000,83210.04000000,83210.45000000,6.85425000,0.16870000,0.00007000,0.00007000,0.00157000
1743640499,83210.00000000,83209.99000000,83209.87000000,83209.68000000,83209.40000000,0.00000000,0.00000000,0.00000000,0.00000000,0.00000000,83194.44000000,83195.68000000,83195.70000000,83195.71000000,83195.76000000,3.00849000,0.16677000,0.04028000,0.16698000,0.23458000
1743640500,83202.75000000,83202.74000000,83202.37000000,83202.36000000,83202.35000000,5.86746000,0.00089000,0.00014000,0.14078000,0.35127000,83194.44000000,83194.45000000,83194.48000000,83194.98000000,83195.31000000,0.00000000,0.00000000,0.00000000,0.00000000,0.00000000
1743640501,83209.87000000,83209.86000000,83209.77000000,83209.76000000,83209.60000000,6.62203000,0.00089000,0.00000000,0.00000000,0.00000000,83202.76000000,83202.77000000,83202.90000000,83203.59000000,83203.60000000,0.00000000,0.00000000,0.00000000,0.00000000,0.00000000
1743640502,83209.88000000,83209.87000000,83209.86000000,83209.42000000,83209.41000000,0.36479000,0.23750000,0.00000000,0.00000000,0.00000000,83209.88000000,83209.89000000,83209.90000000,83209.96000000,83209.97000000,0.00000000,5.06993000,0.00186000,0.00021000,0.23143000
1743640503,83209.88000000,83209.87000000,83209.40000000,83208.11000000,83208.01000000,0.39815000,0.00090000,0.00000000,0.00000000,0.00030000,83209.89000000,83209.97000000,83209.98000000,83209.99000000,83210.00000000,4.93704000,0.10955000,0.00014000,0.00021000,0.05818000
1743640504,83209.88000000,83209.87000000,83208.01000000,83208.00000000,83207.74000000,0.00000000,0.00000000,0.00000000,0.00000000,0.00000000,83196.02000000,83196.03000000,83196.11000000,83196.12000000,83196.13000000,3.94275000,0.00186000,0.00007000,0.00014000,0.00021000
1743640505,83196.01000000,83196.00000000,83195.64000000,83195.22000000,83195.21000000,0.00000000,0.00000000,0.00000000,0.00000000,0.00000000,83194.21000000,83194.22000000,83194.34000000,83194.95000000,83194.96000000,5.51726000,0.00185000,0.00260000,0.00021000,0.23458000
1743640506,83202.79000000,83202.75000000,83202.74000000,83202.52000000,83202.01000000,6.54947000,0.00000000,0.00000000,0.00000000,0.00014000,83192.38000000,83192.39000000,83192.41000000,83192.42000000,83192.43000000,0.00000000,0.00000000,0.00000000,0.00000000,0.00000000
1743640507,83202.79000000,83202.78000000,83202.77000000,83202.02000000,83202.01000000,0.00000000,0.00000000,0.00000000,0.00000000,0.00000000,83199.68000000,83200.00000000,83200.01000000,83200.02000000,83200.28000000,5.18845000,0.05832000,0.79370000,0.00000000,0.00007000
1743640508,83199.67000000,83199.46000000,83198.62000000,83198.20000000,83196.97000000,0.00000000,0.00000000,0.00000000,0.00000000,0.00000000,83185.24000000,83185.25000000,83185.37000000,83185.57000000,83185.82000000,6.82640000,0.00186000,0.00007000,0.00000000,0.00015000
1743640510,83185.23000000,83184.75000000,83184.74000000,83184.58000000,83184.01000000,1.79517000,0.00132000,0.00180000,0.00120000,0.00014000,83185.24000000,83185.99000000,83186.39000000,83186.40000000,83186.58000000,3.54683000,0.26632000,0.00007000,0.04831000,0.00000000
1743640510,83198.83000000,83198.82000000,83198.01000000,83198.00000000,83197.99000000,4.27454000,0.00090000,0.00000000,0.05797000,0.00000000,83185.24000000,83185.25000000,83185.37000000,83185.44000000,83185.65000000,0.00000000,0.00000000,0.00000000,0.00000000,0.00000000
1743640511,83211.99000000,83211.98000000,83211.88000000,83211.77000000,83211.71000000,2.57813000,0.00090000,0.00000000,0.00000000,0.00000000,83198.84000000,83198.85000000,83199.99000000,83200.00000000,83200.01000000,0.00000000,0.00000000,0.00000000,0.00000000,0.00000000
1743640512,83212.09000000,83212.08000000,83212.02000000,83212.01000000,83212.00000000,1.47665000,0.00090000,0.00000000,0.00021000,0.05811000,83212.00000000,83212.01000000,83212.09000000,83212.10000000,83212.11000000,0.00000000,0.00000000,0.00000000,3.22696000,0.00187000
1743640513,83212.09000000,83212.01000000,83211.99000000,83211.70000000,83211.62000000,1.82438000,0.00014000,0.14545000,0.00000000,0.00000000,83212.10000000,83212.11000000,83212.16000000,83212.17000000,83212.19000000,2.79270000,0.00197000,0.00127000,0.00015000,0.00150000
1743640514,83212.09000000,83212.08000000,83212.01000000,83212.00000000,83211.99000000,0.00000000,0.00000000,0.00000000,0.00000000,0.00000000,83206.62000000,83206.63000000,83206.75000000,83206.79000000,83206.80000000,5.01528000,0.00931000,0.00267000,0.00021000,1.82695000
1743640515,83206.61000000,83206.60000000,83206.08000000,83206.01000000,83206.00000000,0.00000000,0.00000000,0.00000000,0.00000000,0.00000000,83204.16000000,83204.17000000,83204.42000000,83205.27000000,83205.59000000,6.58195000,0.00793000,0.00079000,0.00017000,0.00021000
1743640516,83204.15000000,83200.00000000,83199.20000000,83199.01000000,83195.93000000,1.82884000,0.07575000,0.04810000,0.00000000,0.02622000,83204.16000000,83205.59000000,83205.60000000,83206.00000000,83206.37000000,3.96498000,0.00007000,0.00014000,0.05811000,0.00000000
1743640517,83204.15000000,83204.14000000,83202.80000000,83202.37000000,83202.22000000,0.18895000,0.00256000,0.15283000,0.00251000,0.00000000,83204.16000000,83204.17000000,83204.30000000,83205.59000000,83205.60000000,3.51436000,0.00793000,0.00259000,0.00021000,0.04831000
1743640518,83204.15000000,83204.14000000,83204.01000000,83204.00000000,83203.99000000,0.00000000,0.00000000,0.00000000,0.00000000,0.00000000,83202.01000000,83202.02000000,83202.23000000,83202.74000000,83202.75000000,6.23570000,0.00000000,0.00000000,0.00021000,0.16691000
1743640519,83202.00000000,83201.99000000,83201.94000000,83201.46000000,83201.11000000,0.00000000,0.00000000,0.00000000,0.00000000,0.00000000,83198.23000000,83198.24000000,83198.29000000,83198.30000000,83198.32000000,4.39707000,0.00096000,0.00021000,0.75554000,0.04021000
1743640520,83198.22000000,83198.21000000,83197.80000000,83196.47000000,83196.18000000,0.00000000,0.00000000,0.00000000,0.00000000,0.00000000,83194.21000000,83194.22000000,83194.48000000,83195.32000000,83195.33000000,8.90593000,0.00193000,0.00007000,0.00021000,0.35588000
1743640521,83194.20000000,83194.01000000,83194.00000000,83193.82000000,83193.04000000,3.46125000,0.31065000,0.05797000,0.00008000,0.00000000,83194.21000000,83194.22000000,83194.32000000,83194.34000000,83194.35000000,0.17843000,0.00186000,0.00260000,0.00007000,0.00260000
1743640522,83198.29000000,83198.28000000,83198.23000000,83198.22000000,83198.21000000,7.18269000,0.03804000,0.00014000,0.21556000,0.60179000,83194.21000000,83194.22000000,83194.32000000,83194.34000000,83194.35000000,0.00000000,0.00000000,0.00000000,0.00000000,0.00000000
1743640523,83198.29000000,83198.28000000,83198.23000000,83198.22000000,83198.21000000,1.64097000,0.03790000,0.00000000,0.00000000,0.00007000,83198.30000000,83198.60000000,83198.62000000,83199.07000000,83199.19000000,3.20745000,0.00015000,0.00007000,0.00007000,0.00014000
1743640524,83207.89000000,83207.88000000,83207.74000000,83206.72000000,83206.71000000,1.13461000,0.16760000,0.00000000,0.00450000,0.00000000,83198.30000000,83198.31000000,83198.35000000,83198.36000000,83198.60000000,0.00000000,0.00000000,0.00000000,0.00000000,0.00000000
1743640525,83207.89000000,83207.88000000,83207.58000000,83207.44000000,83207.43000000,2.41597000,0.00090000,0.00000000,0.00000000,0.00000000,83207.90000000,83207.91000000,83208.00000000,83208.01000000,83208.02000000,1.79509000,0.00201000,0.05804000,0.00258000,0.00007000
1743640527,83207.89000000,83207.80000000,83206.02000000,83206.01000000,83206.00000000,2.23719000,0.00008000,0.00009000,0.00021000,0.05797000,83207.90000000,83207.91000000,83207.98000000,83207.99000000,83208.00000000,1.35436000,0.00211000,0.00021000,0.13712000,0.05811000
1743640527,83207.89000000,83207.72000000,83207.71000000,83207.70000000,83207.42000000,3.09590000,0.00014000,0.34961000,0.79354000,0.00007000,83207.90000000,83207.99000000,83208.00000000,83208.01000000,83208.02000000,0.68984000,0.13705000,0.00007000,0.00258000,0.00007000
1743640528,83219.41000000,83219.40000000,83219.12000000,83218.52000000,83218.51000000,4.93044000,0.00090000,0.00000000,1.12883000,0.00007000,83207.90000000,83207.91000000,83207.98000000,83207.99000000,83208.00000000,0.00000000,0.00000000,0.00000000,0.00000000,0.00000000
1743640529,83237.43000000,83237.42000000,83237.08000000,83236.51000000,83236.38000000,4.45496000,0.00096000,0.00457000,0.00000000,0.00021000,83219.42000000,83219.43000000,83219.44000000,83219.45000000,83219.71000000,0.00000000,0.00000000,0.00000000,0.00000000,0.00000000
1743640530,83243.70000000,83243.69000000,83243.67000000,83243.66000000,83242.99000000,7.13268000,0.00097000,0.00015000,0.00007000,0.00021000,83237.44000000,83237.45000000,83237.55000000,83237.57000000,83237.58000000,0.00000000,0.00000000,0.00000000,0.00000000,0.00000000
1743640531,83243.70000000,83243.66000000,83243.00000000,83242.99000000,83242.98000000,3.16064000,0.00007000,0.00021000,0.03756000,0.04208000,83243.71000000,83243.99000000,83244.00000000,83244.17000000,83245.04000000,1.99489000,0.00042000,0.06011000,0.00007000,0.00014000
1743640532,83243.70000000,83243.66000000,83243.11000000,83243.10000000,83243.09000000,3.37387000,0.00007000,0.00021000,0.02400000,0.00007000,83243.71000000,83243.72000000,83243.99000000,83244.00000000,83244.17000000,1.27226000,0.00204000,0.00028000,0.06011000,0.00007000
1743640533,83246.92000000,83246.91000000,83246.67000000,83246.19000000,83246.08000000,0.33586000,0.00097000,0.00007000,0.00260000,0.00000000,83243.71000000,83243.72000000,83243.85000000,83243.99000000,83244.00000000,0.00000000,0.00000000,0.00000000,0.00000000,0.00000000
1743640534,83246.92000000,83246.67000000,83246.42000000,83246.01000000,83246.00000000,0.33631000,0.00007000,0.00015000,0.00021000,0.05804000,83246.93000000,83251.75000000,83254.05000000,83256.04000000,83258.41000000,4.65970000,0.00120000,0.00000000,0.00000000,0.44089000
1743640535,83246.92000000,83246.67000000,83246.51000000,83246.42000000,83246.19000000,3.30388000,0.00007000,0.00015000,0.00007000,0.00007000,83246.93000000,83247.96000000,83247.99000000,83248.00000000,83249.20000000,1.99521000,0.28155000,0.00009000,0.05997000,0.00000000
1743640536,83246.92000000,83246.91000000,83246.00000000,83245.86000000,83245.85000000,1.53119000,0.16774000,0.05917000,0.00000000,0.00000000,83246.93000000,83247.86000000,83247.95000000,83247.96000000,83247.97000000,1.94491000,0.00007000,0.00014000,0.06847000,0.15327000
1743640537,83246.92000000,83246.91000000,83246.67000000,83246.51000000,83246.42000000,0.00000000,0.00000000,0.00000000,0.00000000,0.00000000,83241.39000000,83241.40000000,83241.76000000,83241.91000000,83241.98000000,4.66785000,0.10566000,0.00000000,0.00014000,0.00014000
1743640538,83241.38000000,83241.24000000,83241.12000000,83241.11000000,83241.10000000,2.62008000,0.00047000,0.00007000,0.00028000,0.14818000,83241.39000000,83241.40000000,83241.73000000,83241.90000000,83241.91000000,2.15145000,0.00185000,0.00000000,0.00021000,0.14761000
1743640539,83241.38000000,83240.00000000,83239.27000000,83239.26000000,83239.25000000,2.03508000,0.05811000,0.00000000,0.00014000,0.79310000,83241.39000000,83242.13000000,83242.15000000,83242.16000000,83243.61000000,2.66682000,0.40769000,0.00000000,0.00000000,0.16864000
1743640540,83241.38000000,83241.37000000,83241.26000000,83241.24000000,83241.12000000,0.00000000,0.00000000,0.00000000,0.00000000,0.00000000,83232.35000000,83232.36000000,83232.48000000,83232.53000000,83232.84000000,3.56171000,0.30934000,0.00258000,0.00007000,0.00007000
1743640541,83233.29000000,83233.28000000,83233.25000000,83233.24000000,83232.71000000,4.75475000,0.00097000,0.00007000,0.00021000,0.00039000,83232.35000000,83232.36000000,83232.48000000,83232.53000000,83232.66000000,0.00000000,0.00000000,0.00000000,0.00000000,0.00000000
1743640542,83236.38000000,83236.37000000,83236.03000000,83236.02000000,83236.01000000,5.41922000,0.00097000,0.00007000,0.00007000,0.00021000,83233.30000000,83233.31000000,83233.40000000,83233.44000000,83233.45000000,0.00000000,0.00000000,0.00000000,0.00000000,0.00000000
1743640543,83236.38000000,83235.07000000,83232.35000000,83230.35000000,83225.92000000,5.41779000,0.00000000,0.03974000,0.48077000,0.04805000,83236.39000000,83236.40000000,83236.53000000,83236.54000000,83236.72000000,0.46171000,0.00186000,0.00041000,0.20635000,0.00007000
1743640544,83236.38000000,83236.01000000,83236.00000000,83235.99000000,83235.98000000,1.59116000,0.00021000,0.05804000,0.00007000,0.00000000,83236.39000000,83236.40000000,83236.45000000,83236.52000000,83236.53000000,2.34209000,0.00186000,0.00015000,0.00021000,0.67009000
1743640545,83236.38000000,83236.37000000,83236.03000000,83236.02000000,83236.01000000,0.00000000,0.00000000,0.00000000,0.00000000,0.00000000,83226.43000000,83226.44000000,83226.86000000,83226.87000000,83227.01000000,4.62493000,0.00186000,0.00007000,0.00014000,0.00007000
1743640547,83227.46000000,83227.45000000,83227.44000000,83227.36000000,83227.33000000,1.59960000,0.00090000,0.00000000,0.00008000,0.00007000,83226.43000000,83226.44000000,83226.86000000,83226.87000000,83227.01000000,0.00000000,0.00000000,0.00000000,0.00000000,0.00000000
1743640547,83227.46000000,83227.45000000,83227.44000000,83227.12000000,83227.11000000,3.89894000,0.00104000,0.08787000,0.00464000,0.24484000,83227.47000000,83227.54000000,83227.61000000,83227.80000000,83227.81000000,0.09205000,0.00007000,0.00267000,0.00007000,0.00007000
1743640548,83236.39000000,83236.38000000,83236.15000000,83236.14000000,83236.01000000,8.05969000,0.00090000,0.00000000,0.00000000,0.00014000,83227.47000000,83227.48000000,83227.54000000,83227.61000000,83227.62000000,0.00000000,0.00000000,0.00000000,0.00000000,0.00000000
1743640549,83261.87000000,83261.86000000,83261.82000000,83261.81000000,83261.80000000,5.04412000,0.00090000,0.00000000,0.00021000,0.25900000,83236.40000000,83236.41000000,83236.55000000,83236.72000000,83236.82000000,0.00000000,0.00000000,0.00000000,0.00000000,0.00000000
1743640550,83265.05000000,83265.04000000,83264.61000000,83264.60000000,83264.59000000,3.65250000,0.00090000,0.00000000,0.00000000,0.00000000,83261.88000000,83261.89000000,83262.39000000,83263.44000000,83263.45000000,0.00000000,0.00000000,0.00000000,0.00000000,0.00000000
1743640551,83267.13000000,83267.12000000,83266.52000000,83266.50000000,83266.49000000,5.61757000,0.60261000,0.00000000,0.01012000,0.00008000,83265.06000000,83265.07000000,83265.08000000,83265.09000000,83265.12000000,0.00000000,0.00000000,0.00000000,0.00000000,0.00000000
1743640552,83276.54000000,83276.53000000,83276.52000000,83276.50000000,83276.49000000,4.52121000,0.17768000,0.00000000,0.00000000,0.00000000,83267.14000000,83267.15000000,83267.16000000,83267.36000000,83267.97000000,0.00000000,0.00000000,0.00000000,0.00000000,0.00000000
1743640553,83276.88000000,83276.87000000,83276.80000000,83276.79000000,83276.75000000,3.48036000,0.00090000,0.00000000,0.00000000,0.00000000,83276.55000000,83276.56000000,83276.72000000,83276.89000000,83276.90000000,0.00000000,0.00000000,0.00000000,2.03215000,0.00108000
1743640554,83276.88000000,83276.54000000,83276.13000000,83276.12000000,83276.11000000,3.48101000,0.18236000,0.00014000,0.17334000,0.00000000,83276.89000000,83277.03000000,83277.06000000,83277.17000000,83277.18000000,1.78162000,0.00020000,0.00397000,0.00021000,0.06565000
1743640555,83287.25000000,83287.24000000,83287.23000000,83286.89000000,83286.88000000,6.85066000,0.00089000,0.00000000,0.00014000,0.17310000,83276.89000000,83276.90000000,83276.91000000,83276.92000000,83277.03000000,0.00000000,0.00000000,0.00000000,0.00000000,0.00000000
1743640556,83295.71000000,83295.70000000,83295.53000000,83295.25000000,83295.24000000,7.18229000,0.00000000,0.00000000,0.00180000,0.00144000,83287.26000000,83287.27000000,83287.28000000,83287.38000000,83287.47000000,0.00000000,0.00000000,0.00000000,0.00000000,0.00000000
1743640557,83299.99000000,83299.98000000,83299.91000000,83299.86000000,83299.85000000,7.51138000,0.00000000,0.00000000,0.00000000,0.00000000,83295.72000000,83295.73000000,83295.74000000,83295.85000000,83295.90000000,0.00000000,0.00000000,0.00000000,0.00000000,0.00000000
1743640558,83299.99000000,83298.03000000,83298.02000000,83297.60000000,83297.59000000,7.45921000,0.00014000,0.01019000,0.00014000,0.70252000,83300.00000000,83300.02000000,83300.32000000,83300.33000000,83300.34000000,1.33183000,0.00186000,0.00034000,0.20286000,0.17848000
1743640559,83299.99000000,83299.98000000,83296.80000000,83290.01000000,83286.88000000,7.45819000,0.00089000,0.00007000,0.00600000,0.00000000,83300.00000000,83300.01000000,83300.02000000,83300.33000000,83300.95000000,1.24336000,0.00217000,0.00007000,0.09599000,0.00175000
1743640560,83305.74000000,83305.73000000,83305.57000000,83304.90000000,83304.84000000,4.82437000,0.00000000,0.00000000,0.00000000,0.00000000,83300.00000000,83300.01000000,83300.02000000,83300.32000000,83300.33000000,0.00000000,0.00000000,0.00000000,0.00000000,0.00000000
1743640561,83305.74000000,83305.08000000,83304.83000000,83304.82000000,83304.66000000,4.80194000,0.00007000,0.00000000,0.00000000,0.00014000,83305.75000000,83305.76000000,83305.77000000,83305.97000000,83305.98000000,1.53143000,0.00046000,0.00186000,0.00007000,0.00021000
1743640562,83305.74000000,83305.22000000,83305.09000000,83305.08000000,83304.90000000,1.47878000,0.00030000,0.00000000,0.00000000,0.00014000,83305.75000000,83305.99000000,83306.00000000,83306.04000000,83306.17000000,2.31310000,0.28304000,0.05811000,0.00015000,0.00000000
1743640563,83319.93000000,83319.91000000,83319.90000000,83319.81000000,83319.80000000,6.56754000,0.00014000,0.02007000,0.00014000,0.02021000,83305.75000000,83305.76000000,83305.77000000,83305.97000000,83305.98000000,0.00000000,0.00000000,0.00000000,0.00000000,0.00000000
1743640564,83326.81000000,83326.80000000,83326.71000000,83326.70000000,83326.17000000,5.19885000,0.02007000,0.00014000,0.02007000,0.00000000,83319.94000000,83319.95000000,83319.96000000,83319.97000000,83319.99000000,0.00000000,0.00000000,0.00000000,0.00000000,0.00000000
1743640565,83327.83000000,83327.82000000,83327.21000000,83327.20000000,83327.08000000,6.64424000,0.00000000,0.00014000,0.04810000,0.00014000,83326.82000000,83326.83000000,83326.84000000,83327.83000000,83327.84000000,0.00000000,0.00000000,0.00000000,0.00000000,0.92134000
1743640567,83333.98000000,83333.97000000,83333.96000000,83333.95000000,83333.94000000,4.52665000,0.16676000,0.00020000,0.07915000,0.00000000,83327.84000000,83327.85000000,83327.86000000,83327.97000000,83327.99000000,0.00000000,0.00000000,0.00000000,0.00000000,0.00000000
1743640568,83333.98000000,83333.97000000,83333.96000000,83333.95000000,83333.89000000,5.16220000,0.16682000,0.00006000,0.04221000,0.00006000,83333.99000000,83334.00000000,83334.01000000,83334.12000000,83334.65000000,1.21475000,0.05804000,0.00186000,0.00014000,0.00007000
1743640568,83333.98000000,83333.97000000,83333.96000000,83333.95000000,83333.94000000,4.85607000,0.16676000,0.00000000,0.04235000,0.40133000,83333.99000000,83334.00000000,83334.01000000,83335.84000000,83335.85000000,1.17320000,0.05911000,0.00097000,0.00036000,0.29075000
1743640569,83337.57000000,83336.94000000,83336.88000000,83336.84000000,83336.74000000,5.39414000,0.00000000,0.00000000,0.00000000,0.00000000,83333.99000000,83334.00000000,83334.01000000,83334.12000000,83334.65000000,0.00000000,0.00000000,0.00000000,0.00000000,0.00000000
1743640570,83337.57000000,83337.06000000,83337.05000000,83336.94000000,83336.38000000,0.00000000,0.00000000,0.00000000,0.00000000,0.00000000,83326.02000000,83326.03000000,83326.04000000,83326.53000000,83327.19000000,5.58438000,0.00187000,0.00007000,0.00015000,0.00021000
1743640571,83326.01000000,83326.00000000,83325.59000000,83325.37000000,83325.36000000,0.05136000,0.00101000,0.00014000,0.00000000,0.00000000,83326.02000000,83326.03000000,83326.04000000,83327.19000000,83327.20000000,5.63699000,0.00201000,0.19222000,0.00007000,0.04831000
1743640572,83326.01000000,83326.00000000,83325.66000000,83325.65000000,83325.59000000,0.00000000,0.00000000,0.00000000,0.00000000,0.00000000,83311.62000000,83311.63000000,83311.99000000,83312.00000000,83312.08000000,5.68643000,0.00185000,0.00021000,0.05818000,0.00007000
1743640573,83311.61000000,83311.60000000,83311.45000000,83311.41000000,83311.33000000,0.00000000,0.00000000,0.00000000,0.00000000,0.00000000,83303.86000000,83303.87000000,83303.96000000,83303.97000000,83303.98000000,2.56720000,0.00186000,0.00021000,0.41125000,0.00035000
1743640574,83303.85000000,83303.82000000,83302.42000000,83302.41000000,83302.40000000,3.89897000,0.00008000,0.00014000,0.01015000,0.00216000,83303.86000000,83303.96000000,83303.97000000,83303.98000000,83303.99000000,2.72777000,0.00007000,0.00007000,0.00007000,0.00021000
1743640575,83303.85000000,83302.42000000,83302.41000000,83302.01000000,83302.00000000,4.50122000,0.00000000,0.00000000,0.04529000,0.05811000,83303.86000000,83303.99000000,83304.00000000,83304.18000000,83304.79000000,0.18704000,0.00025000,0.00007000,0.00000000,0.00046000
1743640576,83309.59000000,83309.58000000,83309.04000000,83308.98000000,83308.97000000,5.10597000,0.00089000,0.00000000,0.00000000,0.00014000,83303.86000000,83303.87000000,83303.96000000,83303.97000000,83303.98000000,0.00000000,0.00000000,0.00000000,0.00000000,0.00000000
1743640577,83318.32000000,83318.31000000,83318.01000000,83318.00000000,83317.99000000,1.61950000,0.00090000,0.00014000,0.05804000,0.00000000,83309.60000000,83309.61000000,83309.73000000,83309.82000000,83309.92000000,0.00000000,0.00000000,0.00000000,0.00000000,0.00000000
1743640578,83318.32000000,83318.31000000,83318.01000000,83318.00000000,83317.89000000,0.00000000,0.00000000,0.00000000,0.00000000,0.00000000,83314.26000000,83314.27000000,83314.39000000,83314.40000000,83314.64000000,2.92368000,0.00185000,0.00007000,0.00042000,0.00021000
1743640579,83323.48000000,83323.47000000,83323.15000000,83323.14000000,83322.57000000,6.12256000,0.00307000,0.00014000,0.35127000,0.00014000,83314.26000000,83314.27000000,83314.39000000,83314.40000000,83314.45000000,0.00000000,0.00000000,0.00000000,0.00000000,0.00000000
1743640580,83333.52000000,83333.51000000,83333.47000000,83333.46000000,83333.38000000,4.31011000,0.00090000,0.00000000,0.00000000,0.00000000,83323.49000000,83323.50000000,83323.60000000,83323.61000000,83323.68000000,0.00000000,0.00000000,0.00000000,0.00000000,0.00000000
1743640581,83333.52000000,83333.51000000,83333.31000000,83333.30000000,83333.29000000,0.00000000,0.00000000,0.00000000,0.00000000,0.00000000,83324.02000000,83324.03000000,83324.21000000,83324.47000000,83324.50000000,3.34246000,0.00204000,0.00259000,0.00134000,0.00233000
1743640582,83324.01000000,83324.00000000,83323.71000000,83323.69000000,83322.79000000,0.00000000,0.00000000,0.00000000,0.00000000,0.00000000,83313.10000000,83313.11000000,83313.66000000,83313.67000000,83313.99000000,5.69900000,0.00185000,0.00021000,0.08801000,0.00099000
1743640583,83313.09000000,83312.96000000,83312.92000000,83312.01000000,83312.00000000,0.02504000,0.00007000,0.00007000,0.00000000,0.00000000,83313.10000000,83313.66000000,83313.67000000,83315.13000000,83315.22000000,5.51443000,0.00007000,0.00014000,0.35574000,1.22737000
1743640584,83313.09000000,83313.08000000,83312.96000000,83312.92000000,83312.88000000,0.00000000,0.00000000,0.00000000,0.00000000,0.00000000,83292.85000000,83292.86000000,83293.04000000,83293.80000000,83293.90000000,0.08626000,0.00185000,0.00014000,0.00007000,0.00247000
1743640585,83305.07000000,83305.06000000,83304.77000000,83304.76000000,83304.75000000,5.54532000,0.00097000,0.00000000,0.00000000,0.00000000,83292.85000000,83292.86000000,83293.04000000,83293.80000000,83293.90000000,0.00000000,0.00000000,0.00000000,0.00000000,0.00000000
1743640586,83305.07000000,83304.04000000,83304.03000000,83304.01000000,83303.99000000,3.38036000,0.51706000,0.00000000,0.00000000,0.00000000,83305.08000000,83305.09000000,83305.24000000,83305.25000000,83305.26000000,1.39080000,0.00203000,0.00035000,0.47979000,0.21071000
1743640587,83305.07000000,83305.06000000,83304.88000000,83304.87000000,83304.74000000,1.32641000,0.00097000,0.00007000,0.00007000,0.00007000,83305.08000000,83305.24000000,83305.25000000,83305.26000000,83305.99000000,4.01758000,0.00007000,0.00007000,0.00258000,0.00014000
1743640588,83305.07000000,83305.06000000,83304.90000000,83304.89000000,83304.74000000,1.10342000,0.00097000,0.00021000,0.00007000,0.00007000,83305.08000000,83305.26000000,83305.28000000,83305.36000000,83305.46000000,3.28409000,0.00258000,0.00260000,0.00007000,0.00000000
1743640589,83305.07000000,83304.90000000,83304.87000000,83304.75000000,83304.74000000,2.60736000,0.00007000,0.00007000,0.00021000,0.79255000,83305.08000000,83305.51000000,83305.52000000,83305.53000000,83305.57000000,1.60919000,0.00030000,0.45103000,0.00007000,0.00000000
1743640590,83309.95000000,83309.94000000,83309.87000000,83309.59000000,83309.50000000,3.62281000,0.00007000,0.17324000,0.00007000,0.00007000,83305.08000000,83305.09000000,83305.24000000,83305.25000000,83305.26000000,0.00000000,0.00000000,0.00000000,0.00000000,0.00000000
1743640592,83313.16000000,83313.15000000,83313.09000000,83312.82000000,83312.75000000,5.47901000,0.00104000,0.00000000,0.00014000,0.00021000,83309.96000000,83309.97000000,83309.99000000,83310.00000000,83310.16000000,0.00000000,0.00000000,0.00000000,0.00000000,0.00000000
1743640592,83313.16000000,83312.00000000,83311.32000000,83310.28000000,83309.87000000,5.19810000,0.05811000,0.10432000,0.00400000,0.17303000,83313.17000000,83313.18000000,83313.74000000,83313.98000000,83313.99000000,0.01412000,0.00203000,0.00007000,0.00021000,0.00068000
1743640593,83317.24000000,83317.11000000,83317.10000000,83317.06000000,83316.26000000,0.00000000,3.05540000,0.00096000,0.00007000,0.00014000,83313.17000000,83313.18000000,83313.54000000,83313.55000000,83313.74000000,0.00000000,0.00000000,0.00000000,0.00000000,0.00000000
1743640594,83329.99000000,83329.98000000,83329.93000000,83329.85000000,83329.84000000,0.08136000,0.00217000,0.00000000,0.00007000,0.00007000,83317.12000000,83317.13000000,83317.23000000,83317.24000000,83317.25000000,0.00000000,0.00000000,0.00000000,0.00000000,0.00000000
1743640595,83329.99000000,83329.61000000,83329.49000000,83329.08000000,83328.92000000,1.10685000,0.00007000,0.00007000,0.00000000,0.00000000,83330.00000000,83330.01000000,83330.19000000,83330.74000000,83331.96000000,1.91828000,0.00194000,0.00260000,0.00127000,0.00021000
1743640596,83329.99000000,83329.49000000,83329.20000000,83325.67000000,83324.92000000,0.15256000,0.00007000,0.00000000,0.00252000,0.01008000,83330.00000000,83330.01000000,83330.15000000,83331.97000000,83331.98000000,2.65658000,0.00204000,0.00015000,0.17298000,0.00007000
1743640597,83329.99000000,83329.83000000,83329.49000000,83329.03000000,83328.92000000,2.03977000,0.00015000,0.00007000,0.00000000,0.00000000,83330.00000000,83330.01000000,83338.22000000,83341.37000000,83343.79000000,2.05357000,0.00205000,0.46667000,0.00000000,0.79204000
1743640598,83329.99000000,83329.69000000,83329.68000000,83329.49000000,83328.92000000,1.45527000,0.00014000,0.02093000,0.00007000,0.00000000,83330.00000000,83330.01000000,83331.96000000,83331.97000000,83332.00000000,1.76310000,0.12248000,0.00007000,0.00007000,0.06004000
1743640599,83329.99000000,83329.83000000,83329.69000000,83329.68000000,83329.61000000,1.45514000,0.00015000,0.00021000,0.02093000,0.00000000,83330.00000000,83330.01000000,83330.98000000,83331.96000000,83357.45000000,1.91077000,0.12237000,0.00105000,0.00018000,0.00000000
1743640600,83329.99000000,83329.83000000,83329.71000000,83329.68000000,83329.49000000,0.32354000,0.00007000,0.00015000,0.02093000,0.00000000,83330.00000000,83341.45000000,83343.79000000,83343.94000000,83348.30000000,3.03359000,0.79206000,0.00000000,0.00000000,0.02400000
1743640601,83332.58000000,83332.57000000,83332.56000000,83332.27000000,83332.02000000,5.13612000,0.00096000,0.00014000,0.00258000,0.00014000,83330.00000000,83330.01000000,83330.14000000,83330.15000000,83330.19000000,0.00000000,0.00000000,0.00000000,0.00000000,0.00000000
1743640602,83332.58000000,83332.27000000,83332.00000000,83331.99000000,83330.93000000,5.03908000,0.00007000,0.05804000,0.00826000,0.00252000,83332.59000000,83332.60000000,83332.79000000,83332.98000000,83334.00000000,1.49869000,0.00435000,0.00157000,0.00127000,0.05803000
1743640603,83332.58000000,83331.99000000,83330.93000000,83330.32000000,83330.00000000,4.82402000,0.00826000,0.00000000,0.00000000,0.11179000,83332.59000000,83333.59000000,83333.77000000,83333.99000000,83334.00000000,1.42586000,0.14898000,0.00457000,0.00014000,0.05797000
1743640604,83332.58000000,83330.02000000,83330.00000000,83329.99000000,83329.80000000,2.45916000,0.05534000,0.13448000,0.02700000,0.00000000,83332.59000000,83332.60000000,83332.71000000,83332.72000000,83333.59000000,2.59524000,0.00435000,0.00021000,0.21179000,0.14884000
1743640605,83332.58000000,83332.56000000,83332.45000000,83332.44000000,83332.43000000,3.07584000,0.00014000,0.00021000,0.15035000,0.17941000,83332.59000000,83332.60000000,83333.59000000,83333.60000000,83334.00000000,1.42188000,0.00740000,0.24971000,0.00000000,0.05797000
1743640607,83342.41000000,83342.40000000,83342.01000000,83342.00000000,83341.99000000,5.44221000,0.00007000,0.00021000,0.05810000,0.00007000,83332.59000000,83332.60000000,83332.70000000,83332.71000000,83332.72000000,0.00000000,0.00000000,0.00000000,0.00000000,0.00000000
1743640607,83342.41000000,83342.40000000,83342.00000000,83341.91000000,83341.89000000,6.15002000,0.00097000,0.05816000,0.00171000,0.00259000,83342.42000000,83342.43000000,83343.93000000,83344.22000000,83344.67000000,1.19744000,1.78923000,0.00000000,1.20860000,0.00120000
1743640609,83349.99000000,83349.98000000,83349.97000000,83349.96000000,83349.94000000,5.72931000,0.00014000,0.00000000,0.00015000,0.00000000,83342.42000000,83342.43000000,83342.83000000,83342.89000000,83343.00000000,0.00000000,0.00000000,0.00000000,0.00000000,0.00000000
1743640609,83358.49000000,83358.48000000,83358.33000000,83358.32000000,83358.21000000,3.43124000,0.00096000,0.00007000,0.00007000,0.00007000,83350.00000000,83350.01000000,83350.42000000,83350.45000000,83350.46000000,0.00000000,0.00000000,0.00000000,0.00000000,0.00000000
1743640610,83358.49000000,83358.20000000,83358.05000000,83358.04000000,83358.03000000,4.97758000,0.00013000,0.00021000,0.07750000,0.00006000,83358.50000000,83358.51000000,83358.61000000,83358.90000000,83358.96000000,0.61104000,0.00230000,0.00015000,0.00007000,0.00007000
1743640612,83358.49000000,83358.04000000,83358.03000000,83358.02000000,83358.01000000,5.07770000,0.12168000,0.00020000,0.17284000,0.00000000,83358.50000000,83358.51000000,83358.61000000,83359.32000000,83359.33000000,0.30070000,0.00240000,0.00007000,0.00008000,0.00078000
1743640612,83358.49000000,83358.05000000,83358.04000000,83358.03000000,83358.01000000,4.48837000,0.00007000,0.00021000,0.13157000,0.00000000,83358.50000000,83358.72000000,83358.85000000,83358.86000000,83358.87000000,1.29256000,0.00111000,0.00021000,0.06897000,0.14455000
1743640613,83358.49000000,83358.04000000,83358.03000000,83358.02000000,83358.01000000,5.04090000,0.00007000,0.00006000,0.00014000,0.10579000,83358.50000000,83358.72000000,83358.78000000,83358.82000000,83358.84000000,0.26230000,0.00111000,0.00048000,0.00038000,0.00072000
1743640615,83372.35000000,83372.11000000,83372.10000000,83372.01000000,83372.00000000,3.34833000,0.00007000,0.00007000,0.00021000,0.10620000,83358.50000000,83358.51000000,83358.58000000,83358.60000000,83358.61000000,0.00000000,0.00000000,0.00000000,0.00000000,0.00000000
1743640615,83372.35000000,83372.34000000,83370.00000000,83369.58000000,83369.57000000,3.34669000,0.00096000,0.05809000,0.00014000,0.36930000,83372.36000000,83372.37000000,83372.57000000,83372.58000000,83372.59000000,2.11351000,0.00225000,0.00007000,0.00007000,0.00007000
1743640617,83376.44000000,83376.32000000,83375.99000000,83375.87000000,83375.83000000,0.03379000,0.26092000,0.42480000,0.09480000,0.09480000,83372.36000000,83372.37000000,83372.52000000,83372.54000000,83372.55000000,0.00000000,0.00000000,0.00000000,0.00000000,0.00000000
1743640617,83378.11000000,83378.10000000,83378.01000000,83378.00000000,83377.52000000,0.21330000,0.00097000,0.00021000,0.05809000,0.00007000,83376.45000000,83376.46000000,83376.59000000,83376.60000000,83376.78000000,0.00000000,0.00000000,0.00000000,0.00000000,0.00000000
1743640618,83378.11000000,83378.00000000,83377.95000000,83377.63000000,83377.62000000,0.54534000,0.05816000,0.00015000,0.00021000,0.79186000,83378.12000000,83378.13000000,83378.21000000,83378.40000000,83378.94000000,3.29104000,0.00204000,0.20181000,0.04830000,0.00000000
1743640619,83378.11000000,83378.10000000,83378.01000000,83378.00000000,83377.95000000,0.00000000,0.00000000,0.00000000,0.00000000,0.00000000,83377.63000000,83377.64000000,83377.82000000,83377.96000000,83377.99000000,7.38632000,0.01574000,0.00260000,0.00007000,0.00021000
1743640621,83377.62000000,83377.61000000,83377.52000000,83377.02000000,83376.90000000,0.00000000,0.00000000,0.00000000,0.00000000,0.00000000,83360.01000000,83360.02000000,83360.38000000,83360.39000000,83360.40000000,7.39534000,0.00686000,0.00021000,0.19275000,0.00013000
1743640622,83360.00000000,83359.99000000,83359.83000000,83359.59000000,83359.58000000,0.00000000,0.00000000,0.00000000,0.00000000,0.00000000,83332.01000000,83332.02000000,83332.03000000,83332.32000000,83332.33000000,0.00000000,0.00000000,0.00000000,0.00000000,0.00000000
1743640622,83335.84000000,83335.83000000,83335.29000000,83335.01000000,83335.00000000,0.16169000,0.00097000,0.00014000,0.00047000,0.00000000,83335.85000000,83335.86000000,83335.99000000,83336.00000000,83336.02000000,5.89110000,0.00185000,0.00021000,0.05816000,0.00259000
1743640624,83335.84000000,83335.83000000,83335.29000000,83335.01000000,83334.46000000,0.00000000,0.00000000,0.00000000,0.00000000,0.00000000,83316.95000000,83316.96000000,83317.43000000,83317.47000000,83317.48000000,2.18465000,0.00180000,0.00190000,0.00014000,0.28457000
1743640624,83316.94000000,83316.93000000,83316.88000000,83316.85000000,83316.69000000,0.00000000,0.00000000,0.00000000,0.00000000,0.00000000,83310.62000000,83310.63000000,83310.64000000,83310.65000000,83310.85000000,4.07019000,0.00185000,0.00000000,0.00007000,0.00000000
1743640625,83313.83000000,83313.82000000,83313.75000000,83313.32000000,83313.07000000,6.00619000,0.00014000,0.00007000,0.00014000,0.00021000,83310.62000000,83310.63000000,83310.65000000,83310.78000000,83310.86000000,0.00000000,0.00000000,0.00000000,0.00000000,0.00000000
1743640626,83317.89000000,83317.88000000,83317.83000000,83317.82000000,83317.81000000,2.53319000,0.00097000,0.00007000,0.00014000,0.00007000,83313.84000000,83313.85000000,83313.99000000,83314.00000000,83314.80000000,0.00000000,0.00000000,0.00000000,0.00000000,0.00000000
1743640627,83317.89000000,83317.88000000,83317.83000000,83317.82000000,83317.81000000,0.00000000,0.00000000,0.00000000,0.00000000,0.00000000,83310.21000000,83310.22000000,83310.29000000,83310.30000000,83310.31000000,5.11743000,0.00186000,0.00014000,0.40492000,0.00021000
1743640629,83310.20000000,83310.19000000,83310.16000000,83310.15000000,83310.11000000,0.00000000,0.00000000,0.00000000,0.00000000,0.00000000,83292.05000000,83292.06000000,83292.60000000,83293.94000000,83293.95000000,5.13799000,0.00180000,0.18676000,1.31818000,0.00014000
1743640629,83292.04000000,83292.03000000,83292.02000000,83292.01000000,83292.00000000,1.25080000,0.00106000,0.00072000,0.00041000,0.06021000,83292.05000000,83292.06000000,83292.60000000,83293.04000000,83293.93000000,3.03100000,0.00187000,0.00014000,0.00007000,0.13723000
1743640630,83299.26000000,83299.25000000,83298.20000000,83298.03000000,83298.02000000,4.61159000,0.00097000,0.00057000,0.00007000,0.00035000,83292.05000000,83292.06000000,83292.20000000,83292.34000000,83292.60000000,0.00000000,0.00000000,0.00000000,0.00000000,0.00000000
1743640631,83299.26000000,83299.25000000,83298.21000000,83298.20000000,83298.02000000,2.24674000,0.00097000,0.00007000,0.00007000,0.00014000,83299.27000000,83299.28000000,83299.99000000,83300.00000000,83300.38000000,1.95507000,0.00187000,0.00021000,0.05839000,0.00433000
1743640632,83299.26000000,83299.25000000,83298.84000000,83298.83000000,83298.82000000,2.03325000,0.01624000,0.00007000,0.00021000,0.32241000,83299.27000000,83299.28000000,83299.29000000,83299.42000000,83299.44000000,1.25024000,0.00186000,0.00015000,0.00260000,0.00007000
1743640633,83304.74000000,83304.73000000,83304.64000000,83304.02000000,83304.01000000,3.90825000,0.00096000,0.00007000,0.00021000,0.05983000,83299.27000000,83299.28000000,83299.29000000,83299.42000000,83299.44000000,0.00000000,0.00000000,0.00000000,0.00000000,0.00000000
1743640634,83304.74000000,83304.00000000,83303.43000000,83301.96000000,83301.94000000,4.00654000,0.05811000,0.00007000,0.00000000,0.00000000,83304.75000000,83306.00000000,83306.72000000,83306.73000000,83306.74000000,1.16800000,0.05804000,0.00014000,0.07167000,0.00000000
1743640635,83313.30000000,83313.29000000,83313.01000000,83312.92000000,83312.70000000,0.34634000,0.10084000,0.00007000,0.00007000,0.00007000,83304.75000000,83304.76000000,83304.91000000,83305.33000000,83305.46000000,0.00000000,0.00000000,0.00000000,0.00000000,0.00000000
1743640636,83313.30000000,83313.29000000,83312.92000000,83312.69000000,83312.43000000,0.11063000,0.10084000,0.00014000,0.00007000,0.00007000,83313.31000000,83313.32000000,83313.34000000,83313.36000000,83313.52000000,4.95950000,0.00226000,0.35632000,0.00014000,0.00457000
1743640637,83313.30000000,83313.29000000,83312.92000000,83312.69000000,83312.56000000,0.34482000,0.10035000,0.00007000,0.00007000,0.00007000,83313.31000000,83313.36000000,83313.49000000,83313.55000000,83315.62000000,5.01308000,0.00014000,0.00258000,0.79240000,0.08780000
1743640638,83313.30000000,83313.29000000,83313.01000000,83312.92000000,83312.70000000,0.00000000,0.00000000,0.00000000,0.00000000,0.00000000,83310.01000000,83310.02000000,83310.18000000,83310.43000000,83312.00000000,7.61058000,0.00124000,0.00260000,0.00014000,0.00051000
1743640639,83310.00000000,83309.99000000,83309.52000000,83309.18000000,83309.17000000,0.00000000,0.00000000,0.00000000,0.00000000,0.00000000,83298.01000000,83298.02000000,83298.34000000,83298.83000000,83298.85000000,4.49072000,0.00007000,0.00007000,0.60179000,0.58507000
1743640640,83298.00000000,83297.99000000,83297.69000000,83297.68000000,83297.09000000,0.00000000,0.00000000,0.00000000,0.00000000,0.00000000,83296.41000000,83296.42000000,83296.64000000,83296.65000000,83296.80000000,6.10314000,0.00187000,1.27233000,0.00014000,0.00014000
1743640643,83296.40000000,83296.39000000,83296.36000000,83296.12000000,83296.02000000,0.00000000,0.00000000,0.00000000,0.00000000,0.00000000,83271.91000000,83271.92000000,83271.94000000,83271.95000000,83271.96000000,0.15177000,0.00185000,0.00007000,0.00007000,0.00007000
1743640643,83287.62000000,83287.61000000,83286.23000000,83286.22000000,83286.01000000,7.35507000,0.01127000,0.00007000,0.00007000,0.00021000,83271.91000000,83271.92000000,83271.94000000,83271.95000000,83271.96000000,0.00000000,0.00000000,0.00000000,0.00000000,0.00000000
1743640644,83292.85000000,83292.84000000,83292.70000000,83292.64000000,83292.63000000,4.40114000,0.00097000,0.00007000,0.00007000,0.00021000,83287.63000000,83287.64000000,83287.80000000,83287.98000000,83287.99000000,0.00000000,0.00000000,0.00000000,0.00000000,0.00000000
1743640644,83300.52000000,83300.51000000,83300.50000000,83300.01000000,83300.00000000,2.70187000,0.00096000,0.00007000,0.00021000,0.05825000,83292.86000000,83292.87000000,83293.04000000,83293.15000000,83293.97000000,0.00000000,0.00000000,0.00000000,0.00000000,0.00000000
1743640645,83300.52000000,83298.85000000,83292.66000000,83292.18000000,83289.11000000,2.40300000,0.45168000,0.00007000,0.00300000,0.00600000,83300.53000000,83300.54000000,83301.95000000,83304.39000000,83305.82000000,1.42478000,0.00197000,0.00000000,0.00252000,0.00000000
1743640646,83300.52000000,83297.66000000,83292.89000000,83291.92000000,83289.45000000,1.29748000,0.00000000,0.00000000,0.00007000,0.00000000,83300.53000000,83300.75000000,83301.60000000,83301.94000000,83301.99000000,2.10643000,0.36519000,0.84061000,0.00007000,0.00000000
1743640647,83300.52000000,83300.51000000,83300.50000000,83300.01000000,83300.00000000,0.00000000,0.00000000,0.00000000,0.00000000,0.00000000,83296.42000000,83296.43000000,83297.18000000,83297.99000000,83298.00000000,5.39951000,0.00202000,0.00007000,0.00021000,0.05804000
1743640648,83296.41000000,83296.37000000,83296.02000000,83296.01000000,83295.98000000,1.80928000,0.03977000,0.00039000,0.11868000,0.02039000,83296.42000000,83297.18000000,83297.91000000,83298.08000000,83298.09000000,4.83177000,0.00007000,0.00007000,0.18090000,0.00007000
1743640649,83300.52000000,83300.51000000,83300.50000000,83300.48000000,83300.09000000,5.18228000,0.00097000,0.00021000,0.00000000,0.00007000,83296.42000000,83296.43000000,83296.58000000,83297.18000000,83297.91000000,0.00000000,0.00000000,0.00000000,0.00000000,0.00000000
1743640650,83300.52000000,83300.50000000,83300.08000000,83300.00000000,83299.40000000,5.61135000,0.00007000,0.00007000,0.05825000,0.68283000,83300.53000000,83300.54000000,83300.67000000,83300.68000000,83301.26000000,0.13790000,0.00230000,0.00049000,0.20610000,0.00120000
1743640651,83300.52000000,83300.00000000,83299.40000000,83299.32000000,83299.31000000,4.07096000,0.19771000,0.07790000,0.00000000,0.00000000,83300.53000000,83300.54000000,83300.66000000,83300.67000000,83300.68000000,2.60106000,0.00230000,0.00021000,0.51200000,0.20610000
1743640652,83305.78000000,83305.71000000,83305.70000000,83305.69000000,83305.68000000,0.18770000,0.57142000,1.40793000,4.89158000,0.00014000,83300.53000000,83300.54000000,83300.66000000,83300.67000000,83300.68000000,0.00000000,0.00000000,0.00000000,0.00000000,0.00000000
1743640655,83325.28000000,83325.27000000,83324.74000000,83324.52000000,83324.11000000,4.76792000,0.00097000,0.00000000,0.00014000,0.00000000,83305.79000000,83306.81000000,83307.43000000,83307.44000000,83307.49000000,0.00000000,0.00000000,0.00000000,0.00000000,0.00000000
1743640656,83346.91000000,83346.90000000,83346.89000000,83346.88000000,83346.87000000,0.00000000,0.00000000,0.00000000,0.00000000,0.00000000,83325.29000000,83325.30000000,83325.47000000,83325.53000000,83325.78000000,0.00000000,0.00000000,0.00000000,0.00000000,0.00000000
1743640656,83342.76000000,83342.75000000,83342.74000000,83342.51000000,83342.19000000,0.00000000,0.00000000,0.00000000,0.00000000,0.00000000,83338.39000000,83338.40000000,83338.42000000,83338.44000000,83338.45000000,5.61754000,0.01760000,0.00007000,0.00000000,0.00013000
1743640656,83338.38000000,83338.37000000,83338.29000000,83338.00000000,83337.77000000,2.99179000,0.00097000,0.00015000,0.05809000,0.00152000,83338.39000000,83338.40000000,83338.42000000,83338.45000000,83338.52000000,1.34499000,0.01741000,0.00007000,0.00015000,0.00007000
1743640657,83338.38000000,83338.00000000,83337.40000000,83337.39000000,83337.38000000,2.27755000,0.05816000,0.00007000,0.00021000,0.44221000,83338.39000000,83338.40000000,83339.98000000,83339.99000000,83340.00000000,2.33420000,0.01748000,0.00040000,0.01793000,0.10619000
1743640658,83338.38000000,83338.37000000,83338.29000000,83338.01000000,83338.00000000,0.00000000,0.00000000,0.00000000,0.00000000,0.00000000,83321.49000000,83321.50000000,83322.00000000,83322.02000000,83324.32000000,4.72395000,0.00887000,0.05804000,0.00007000,0.04007000
1743640659,83321.48000000,83321.47000000,83320.81000000,83320.80000000,83320.51000000,1.67447000,0.16805000,0.00021000,0.04831000,0.00000000,83321.49000000,83321.50000000,83321.98000000,83321.99000000,83322.00000000,3.85105000,0.00887000,0.00021000,0.03083000,0.05818000
1743640660,83321.48000000,83321.47000000,83321.16000000,83320.82000000,83320.81000000,3.97959000,0.16812000,0.00007000,0.00021000,0.35581000,83321.49000000,83321.50000000,83321.78000000,83321.81000000,83321.98000000,0.08148000,0.00187000,0.00127000,0.00127000,0.00007000
1743640661,83325.83000000,83325.82000000,83325.47000000,83325.35000000,83325.33000000,1.67574000,0.00096000,0.00000000,0.00007000,0.00000000,83321.49000000,83321.50000000,83321.78000000,83321.81000000,83321.98000000,0.00000000,0.00000000,0.00000000,0.00000000,0.00000000
1743640662,83325.83000000,83325.82000000,83325.49000000,83325.15000000,83325.01000000,1.62899000,0.00096000,0.00015000,0.00007000,0.00007000,83325.84000000,83325.99000000,83326.00000000,83326.01000000,83326.75000000,2.60074000,0.15185000,0.06084000,0.00007000,0.00007000
1743640663,83325.83000000,83325.82000000,83325.63000000,83325.49000000,83325.35000000,2.04814000,0.00096000,0.00015000,0.00007000,0.00007000,83325.84000000,83325.85000000,83325.98000000,83326.00000000,83326.01000000,2.93839000,0.00187000,0.00021000,0.06307000,0.00007000
1743640664,83325.83000000,83325.82000000,83325.63000000,83325.49000000,83325.35000000,0.00000000,0.00000000,0.00000000,0.00000000,0.00000000,83322.27000000,83322.28000000,83322.41000000,83322.85000000,83323.70000000,6.03448000,0.00924000,0.00259000,0.00000000,0.00000000
1743640665,83322.26000000,83322.25000000,83322.03000000,83322.01000000,83322.00000000,0.00000000,0.00000000,0.00000000,0.00000000,0.00000000,83309.26000000,83309.48000000,83309.55000000,83309.57000000,83309.58000000,4.27414000,0.00007000,0.00021000,0.91297000,0.17562000
1743640666,83309.25000000,83309.24000000,83309.11000000,83309.10000000,83309.03000000,2.48823000,0.00107000,0.00021000,0.17291000,0.00007000,83309.26000000,83309.27000000,83309.46000000,83309.47000000,83309.48000000,2.93317000,0.00186000,0.00021000,0.33349000,0.00007000
1743640667,83309.25000000,83309.24000000,83309.11000000,83309.10000000,83309.03000000,0.00000000,0.00000000,0.00000000,0.00000000,0.00000000,83304.01000000,83304.02000000,83304.03000000,83304.04000000,83304.16000000,2.62125000,0.00185000,0.08068000,0.00000000,0.00259000
1743640668,83307.98000000,83307.97000000,83307.56000000,83307.55000000,83307.29000000,5.74892000,0.00096000,0.00021000,0.17291000,0.00457000,83304.01000000,83304.02000000,83304.03000000,83304.09000000,83304.10000000,0.00000000,0.00000000,0.00000000,0.00000000,0.00000000
1743640669,83307.98000000,83307.56000000,83307.55000000,83307.29000000,83307.07000000,1.83561000,0.00007000,0.00007000,0.00007000,0.00000000,83307.99000000,83308.00000000,83308.11000000,83308.16000000,83308.17000000,2.46226000,0.06060000,0.00259000,0.00021000,0.54052000
1743640670,83307.98000000,83307.11000000,83307.10000000,83307.09000000,83306.32000000,3.57044000,0.00014000,0.56686000,0.79253000,0.00000000,83307.99000000,83308.00000000,83308.11000000,83308.12000000,83308.14000000,1.27676000,0.00263000,0.00273000,0.13929000,0.00007000
1743640671,83307.98000000,83307.09000000,83306.31000000,83306.24000000,83306.00000000,3.61867000,0.79246000,0.00007000,0.35567000,0.05797000,83307.99000000,83308.00000000,83308.10000000,83308.11000000,83308.12000000,0.25722000,0.00263000,0.00007000,0.00259000,0.00007000
1743640672,83307.98000000,83307.55000000,83307.10000000,83307.09000000,83306.24000000,3.63174000,0.00178000,0.32565000,0.79363000,0.00000000,83307.99000000,83308.00000000,83308.16000000,83308.42000000,83308.47000000,1.74741000,0.06060000,0.00007000,0.00008000,0.00000000
1743640673,83307.98000000,83307.29000000,83306.00000000,83305.60000000,83305.11000000,3.63003000,0.00032000,0.05797000,0.35567000,0.08780000,83307.99000000,83308.00000000,83308.48000000,83308.49000000,83309.99000000,0.67467000,0.00263000,0.00000000,0.00000000,0.00030000
1743640674,83320.21000000,83320.20000000,83320.19000000,83320.12000000,83320.09000000,7.53770000,0.00104000,0.00014000,0.00014000,0.00014000,83307.99000000,83308.00000000,83308.10000000,83308.11000000,83308.12000000,0.00000000,0.00000000,0.00000000,0.00000000,0.00000000
1743640675,83320.21000000,83320.20000000,83320.19000000,83320.12000000,83320.08000000,7.48769000,0.00097000,0.00007000,0.00007000,0.00014000,83320.22000000,83320.23000000,83320.33000000,83320.37000000,83320.38000000,0.57718000,0.00185000,0.00127000,0.00007000,0.00397000
1743640676,83320.21000000,83320.09000000,83320.08000000,83320.03000000,83320.02000000,0.17713000,0.00007000,0.00007000,0.00007000,0.00007000,83320.22000000,83320.23000000,83320.33000000,83320.35000000,83320.49000000,6.34487000,0.00195000,0.00127000,0.00258000,0.00015000
1743640677,83320.21000000,83320.09000000,83320.03000000,83320.02000000,83320.01000000,5.17916000,0.00259000,0.00007000,0.00000000,0.00021000,83320.22000000,83320.23000000,83320.35000000,83320.36000000,83320.37000000,0.00632000,0.00196000,0.00007000,0.00266000,0.00014000
1743640678,83320.21000000,83320.09000000,83320.00000000,83319.24000000,83319.23000000,3.59859000,0.00007000,0.05825000,0.00014000,0.51162000,83320.22000000,83320.23000000,83320.37000000,83321.19000000,83321.99000000,0.17935000,0.00193000,0.00007000,0.00000000,0.00014000
1743640679,83322.26000000,83322.25000000,83322.23000000,83322.01000000,83322.00000000,2.54620000,0.00096000,0.00000000,0.00021000,0.05811000,83320.22000000,83320.23000000,83320.33000000,83320.35000000,83320.36000000,0.00000000,0.00000000,0.00000000,0.00000000,0.00000000
1743640680,83322.26000000,83322.00000000,83321.99000000,83321.79000000,83320.81000000,1.85296000,0.05811000,0.00007000,0.00015000,0.00021000,83322.27000000,83322.28000000,83322.29000000,83322.86000000,83323.10000000,1.76411000,0.01734000,0.00014000,0.00007000,0.00021000
1743640681,83322.26000000,83322.25000000,83322.01000000,83322.00000000,83321.99000000,0.00000000,0.00000000,0.00000000,0.00000000,0.00000000,83317.14000000,83317.59000000,83317.92000000,83317.93000000,83317.95000000,2.36544000,0.00000000,0.23430000,0.16670000,0.59439000
1743640682,83317.13000000,83317.12000000,83317.06000000,83316.88000000,83316.74000000,0.00000000,0.00000000,0.00000000,0.00000000,0.00000000,83300.01000000,83300.02000000,83300.09000000,83300.14000000,83300.53000000,5.15785000,0.00185000,0.00000000,0.00260000,0.00007000
1743640683,83301.99000000,83301.98000000,83301.97000000,83301.61000000,83301.60000000,1.05522000,0.00096000,0.00007000,0.00007000,0.00007000,83300.01000000,83300.02000000,83300.14000000,83300.49000000,83300.53000000,0.00000000,0.00000000,0.00000000,0.00000000,0.00000000
1743640684,83301.99000000,83301.97000000,83301.69000000,83301.61000000,83301.60000000,5.08866000,0.00007000,0.00015000,0.00021000,0.04824000,83302.00000000,83302.01000000,83302.15000000,83302.17000000,83302.18000000,1.34888000,0.00186000,0.00007000,0.00007000,0.00258000
1743640685,83319.99000000,83319.68000000,83319.67000000,83319.66000000,83319.65000000,6.79658000,0.00007000,0.00028000,0.00021000,0.10035000,83302.00000000,83302.01000000,83302.15000000,83302.17000000,83302.18000000,0.00000000,0.00000000,0.00000000,0.00000000,0.00000000
1743640686,83336.80000000,83336.79000000,83336.40000000,83336.11000000,83336.04000000,0.00000000,0.00000000,0.00000000,0.00000000,0.00000000,83320.00000000,83320.01000000,83320.37000000,83320.59000000,83320.88000000,0.00000000,0.00000000,0.00000000,0.00000000,0.00000000
1743640687,83332.00000000,83331.99000000,83331.97000000,83331.42000000,83331.41000000,0.00000000,0.00000000,0.00000000,0.00000000,0.00000000,83326.01000000,83326.02000000,83326.08000000,83326.30000000,83326.32000000,6.35026000,0.00188000,0.00000000,0.00600000,0.00120000
1743640688,83326.00000000,83325.99000000,83325.35000000,83324.87000000,83324.86000000,0.00000000,0.00000000,0.00000000,0.00000000,0.21784000,83324.87000000,83324.88000000,83325.02000000,83325.36000000,83325.45000000,4.40269000,0.01347000,0.00251000,0.00000000,0.00007000
1743640690,83324.86000000,83324.85000000,83324.78000000,83324.52000000,83324.01000000,2.39757000,0.00097000,0.00139000,0.00007000,0.00021000,83324.87000000,83324.88000000,83325.02000000,83325.45000000,83325.74000000,1.68778000,0.00187000,0.00258000,0.00007000,0.00007000
1743640690,83324.86000000,83324.00000000,83323.69000000,83323.62000000,83323.61000000,2.85295000,0.05804000,0.00007000,0.00000000,0.00021000,83324.87000000,83324.88000000,83325.02000000,83325.05000000,83325.76000000,0.91825000,0.00197000,0.00258000,0.00259000,0.00007000
1743640691,83324.86000000,83324.52000000,83324.02000000,83324.00000000,83323.92000000,1.47838000,0.00007000,0.00214000,0.05804000,0.00007000,83324.87000000,83325.05000000,83325.98000000,83325.99000000,83326.09000000,2.75227000,0.00007000,0.00014000,0.15462000,0.00000000
1743640692,83324.86000000,83324.00000000,83323.60000000,83323.59000000,83323.53000000,1.73788000,0.05811000,0.33850000,0.00204000,0.00000000,83324.87000000,83325.99000000,83326.20000000,83326.38000000,83326.39000000,2.65237000,0.10873000,0.02014000,0.00014000,0.15169000
1743640693,83329.99000000,83329.98000000,83329.97000000,83329.91000000,83329.49000000,5.52202000,0.00014000,0.00000000,0.00000000,0.00000000,83324.87000000,83324.88000000,83325.02000000,83325.05000000,83325.34000000,0.00000000,0.00000000,0.00000000,0.00000000,0.00000000
1743640694,83333.99000000,83333.98000000,83333.95000000,83333.94000000,83333.60000000,6.33755000,0.00000000,0.00021000,0.58520000,0.04814000,83330.00000000,83330.01000000,83330.19000000,83330.27000000,83330.28000000,0.00000000,0.00000000,0.00000000,0.00000000,0.00000000
1743640695,83333.99000000,83333.98000000,83333.97000000,83333.96000000,83333.95000000,6.48929000,0.00110000,0.16665000,0.00013000,0.00007000,83334.00000000,83334.01000000,83334.13000000,83334.32000000,83334.35000000,0.07299000,0.00207000,0.00014000,0.00035000,0.00007000
1743640696,83333.99000000,83331.99000000,83326.43000000,83324.86000000,83322.84000000,6.49517000,0.00510000,0.00389000,0.61651000,0.00000000,83334.00000000,83334.45000000,83335.98000000,83335.99000000,83336.00000000,0.00306000,0.00007000,0.00014000,0.00014000,0.00000000
1743640697,83335.75000000,83335.74000000,83335.29000000,83335.24000000,83335.23000000,4.76201000,0.00096000,0.00007000,0.00007000,0.00007000,83334.00000000,83334.01000000,83334.13000000,83334.32000000,83334.33000000,0.00000000,0.00000000,0.00000000,0.00000000,0.00000000
1743640698,83339.89000000,83339.88000000,83339.83000000,83339.55000000,83339.54000000,6.16265000,0.00102000,0.00000000,0.00021000,0.04034000,83335.76000000,83335.77000000,83335.90000000,83335.92000000,83335.93000000,0.00000000,0.00000000,0.00000000,0.00000000,0.00000000
1743640699,83339.89000000,83339.88000000,83339.55000000,83339.54000000,83338.27000000,2.25158000,0.00096000,0.00007000,0.00015000,0.00007000,83339.90000000,83339.91000000,83339.97000000,83339.98000000,83339.99000000,1.65017000,0.00198000,0.00021000,0.15874000,0.25075000
1743640700,83345.98000000,83345.97000000,83345.96000000,83345.87000000,83345.86000000,6.94357000,0.00007000,0.00007000,0.00021000,0.23450000,83339.90000000,83339.91000000,83339.97000000,83339.98000000,83339.99000000,0.00000000,0.00000000,0.00000000,0.00000000,0.00000000
1743640701,83349.99000000,83349.98000000,83349.73000000,83349.72000000,83349.71000000,3.56220000,0.00097000,0.00007000,0.00007000,0.00007000,83345.99000000,83346.48000000,83346.92000000,83347.45000000,83347.97000000,0.00000000,0.00000000,0.00000000,0.00000000,0.00000000
1743640703,83349.99000000,83348.04000000,83348.02000000,83348.01000000,83348.00000000,3.53450000,0.11462000,0.00000000,0.00014000,0.05803000,83350.00000000,83350.01000000,83350.04000000,83350.19000000,83350.20000000,1.56827000,0.00195000,0.00007000,0.00272000,0.17462000
1743640703,83349.99000000,83348.04000000,83347.99000000,83347.98000000,83347.47000000,2.91917000,0.07172000,0.00020000,0.04033000,0.00000000,83350.00000000,83350.01000000,83350.04000000,83350.18000000,83350.19000000,1.56653000,0.00205000,0.00007000,0.00021000,0.12261000
1743640704,83358.49000000,83358.48000000,83358.22000000,83358.21000000,83358.12000000,6.49318000,0.00007000,0.00007000,0.00007000,0.00007000,83350.00000000,83350.01000000,83350.02000000,83350.03000000,83350.04000000,0.00000000,0.00000000,0.00000000,0.00000000,0.00000000
1743640705,83358.49000000,83358.48000000,83358.23000000,83358.12000000,83358.02000000,0.89547000,0.00096000,0.00000000,0.00007000,0.00007000,83358.50000000,83358.51000000,83358.52000000,83359.06000000,83359.19000000,2.23246000,0.00195000,0.00007000,0.00015000,0.00021000
1743640707,83358.49000000,83358.48000000,83358.41000000,83358.40000000,83358.31000000,1.45890000,0.00096000,0.00021000,0.02014000,0.00021000,83358.50000000,83359.19000000,83359.20000000,83359.37000000,83359.97000000,2.35153000,0.00021000,0.04826000,0.00606000,0.00027000
1743640708,83358.49000000,83358.48000000,83358.41000000,83358.40000000,83358.31000000,0.00000000,0.00000000,0.00000000,0.00000000,0.00000000,83347.24000000,83347.25000000,83347.35000000,83347.47000000,83347.55000000,5.64799000,0.00187000,0.00013000,0.01782000,0.23456000
1743640708,83347.23000000,83347.22000000,83346.92000000,83346.91000000,83346.88000000,0.00000000,0.00000000,0.00000000,0.00000000,0.00000000,83340.26000000,83340.32000000,83340.41000000,83340.42000000,83340.44000000,4.86684000,0.00021000,0.35581000,0.00034000,0.00014000
1743640709,83340.25000000,83340.24000000,83340.09000000,83340.08000000,83340.01000000,0.00000000,0.00000000,0.27305000,0.00096000,0.00031000,83340.10000000,83340.11000000,83340.19000000,83340.20000000,83340.21000000,2.35849000,0.00186000,0.00021000,0.28069000,0.20037000
1743640710,83340.09000000,83340.08000000,83340.01000000,83340.00000000,83339.94000000,0.00000000,0.00000000,0.00000000,0.00000000,0.00000000,83327.21000000,83328.01000000,83328.02000000,83328.12000000,83328.13000000,0.00000000,4.87596000,0.00186000,0.00007000,0.00007000
1743640711,83328.00000000,83327.99000000,83327.83000000,83327.48000000,83327.40000000,0.48926000,0.00157000,0.00007000,0.00015000,0.00127000,83328.01000000,83329.16000000,83329.43000000,83330.01000000,83330.85000000,4.27523000,0.01768000,0.00000000,0.58500000,0.00000000
1743640712,83331.24000000,83331.23000000,83330.02000000,83330.01000000,83330.00000000,6.40189000,0.00142000,0.00021000,0.01815000,0.05825000,83328.01000000,83328.02000000,83328.12000000,83328.13000000,83328.14000000,0.00000000,0.00000000,0.00000000,0.00000000,0.00000000
1743640713,83335.53000000,83335.52000000,83335.33000000,83335.32000000,83335.31000000,7.11630000,0.00112000,0.00000000,0.00000000,0.00000000,83331.25000000,83331.26000000,83331.51000000,83331.96000000,83331.99000000,0.00000000,0.00000000,0.00000000,0.00000000,0.00000000
1743640714,83344.55000000,83344.54000000,83344.40000000,83344.24000000,83344.23000000,6.65164000,0.00090000,0.00000000,0.00336000,0.00168000,83335.54000000,83335.55000000,83335.57000000,83335.67000000,83335.68000000,0.00000000,0.00000000,0.00000000,0.00000000,0.00000000
1743640715,83344.55000000,83344.24000000,83344.00000000,83343.73000000,83343.60000000,6.28127000,0.00458000,0.20204000,0.00017000,0.00000000,83344.56000000,83344.57000000,83344.80000000,83344.84000000,83345.13000000,0.48563000,0.00217000,0.00015000,0.00007000,0.00021000
1743640716,83348.63000000,83348.62000000,83348.04000000,83348.01000000,83348.00000000,6.38357000,0.00097000,0.00024000,0.00021000,0.05810000,83344.56000000,83344.57000000,83344.80000000,83344.83000000,83344.84000000,0.00000000,0.00000000,0.00000000,0.00000000,0.00000000
1743640717,83358.49000000,83358.48000000,83358.38000000,83358.22000000,83358.21000000,7.15551000,0.00096000,0.00000000,0.00021000,0.01805000,83348.64000000,83348.65000000,83348.77000000,83348.83000000,83349.84000000,0.00000000,0.00000000,0.00000000,0.00000000,0.00000000
1743640718,83358.49000000,83358.48000000,83358.22000000,83358.21000000,83358.01000000,0.22694000,0.00096000,0.00007000,0.00007000,0.00185000,83358.50000000,83358.51000000,83358.62000000,83358.69000000,83358.91000000,4.21005000,0.01429000,0.00007000,0.00258000,0.00053000
1743640719,83358.49000000,83358.48000000,83358.39000000,83358.24000000,83358.23000000,2.02992000,0.00096000,0.00015000,0.00021000,0.02470000,83358.50000000,83358.51000000,83358.92000000,83359.00000000,83359.04000000,1.70625000,0.00224000,0.00007000,0.00120000,0.00000000
1743640720,83358.49000000,83354.57000000,83354.13000000,83352.88000000,83352.42000000,2.17404000,0.35560000,0.00252000,0.00305000,0.00008000,83358.50000000,83359.18000000,83359.19000000,83359.20000000,83359.99000000,2.14888000,0.00000000,0.00000000,0.00000000,0.00014000
1743640721,83358.49000000,83358.24000000,83358.23000000,83358.02000000,83358.01000000,0.50375000,0.00030000,0.02476000,0.00007000,0.00193000,83358.50000000,83358.51000000,83358.61000000,83358.62000000,83358.91000000,2.58512000,0.00224000,0.09373000,0.12479000,0.00053000
1743640722,83358.49000000,83358.48000000,83358.39000000,83358.24000000,83358.23000000,0.65441000,0.00096000,0.00146000,0.00165000,0.00007000,83358.50000000,83358.51000000,83358.60000000,83358.61000000,83358.62000000,4.06571000,0.00224000,0.00021000,0.47203000,0.12485000
1743640723,83376.51000000,83376.34000000,83376.19000000,83376.12000000,83376.10000000,0.49627000,0.00000000,0.21618000,0.16670000,0.41572000,83358.50000000,83358.51000000,83358.60000000,83358.61000000,83358.62000000,0.00000000,0.00000000,0.00000000,0.00000000,0.00000000
1743640724,83376.52000000,83376.51000000,83376.46000000,83376.45000000,83376.44000000,3.40878000,0.28622000,0.00097000,0.00000000,0.00007000,83376.52000000,83376.53000000,83376.54000000,83376.73000000,83376.79000000,0.00000000,2.14629000,0.00097000,0.00259000,0.00007000
1743640725,83376.52000000,83376.51000000,83376.46000000,83376.44000000,83376.41000000,1.37588000,0.18686000,0.00096000,0.00007000,0.00007000,83376.53000000,83376.54000000,83376.81000000,83377.85000000,83377.86000000,2.74870000,0.00107000,0.00007000,0.00000000,0.00000000
1743640726,83376.52000000,83376.51000000,83376.46000000,83376.44000000,83376.43000000,0.00000000,0.00000000,0.00000000,0.00000000,0.00000000,83368.01000000,83368.02000000,83368.13000000,83368.15000000,83368.16000000,5.96563000,0.00573000,0.00020000,0.35580000,0.71043000
1743640727,83368.00000000,83367.91000000,83367.76000000,83367.75000000,83367.59000000,0.00000000,0.00000000,0.00000000,0.00000000,0.00000000,83364.42000000,83364.43000000,83364.68000000,83364.70000000,83365.10000000,2.96037000,0.00404000,0.00097000,0.00007000,0.00007000
1743640728,83364.41000000,83364.33000000,83364.32000000,83364.31000000,83364.17000000,0.03537000,0.00007000,0.00007000,0.00007000,0.00007000,83364.42000000,83364.43000000,83364.61000000,83364.65000000,83364.68000000,3.40322000,0.00404000,0.00231000,0.00097000,0.00007000
1743640729,83364.41000000,83364.32000000,83364.31000000,83364.30000000,83364.29000000,4.05851000,0.00007000,0.00000000,0.00007000,0.00007000,83364.42000000,83364.43000000,83364.65000000,83364.66000000,83364.67000000,1.16895000,0.00394000,0.00007000,0.00096000,0.00007000
1743640730,83371.75000000,83371.74000000,83371.73000000,83371.64000000,83371.42000000,8.20030000,0.00015000,0.00007000,0.00097000,0.00021000,83364.42000000,83364.43000000,83364.56000000,83364.60000000,83364.61000000,0.00000000,0.00000000,0.00000000,0.00000000,0.00000000
1743640732,83374.56000000,83374.45000000,83374.23000000,83374.22000000,83374.21000000,6.40915000,0.00096000,0.00457000,0.00007000,0.00021000,83371.76000000,83371.77000000,83371.85000000,83371.86000000,83371.99000000,0.00000000,0.00000000,0.00000000,0.00000000,0.00000000
1743640732,83379.09000000,83379.04000000,83378.98000000,83378.89000000,83378.67000000,6.31779000,0.00000000,0.00097000,0.00000000,0.00021000,83374.57000000,83374.58000000,83374.65000000,83374.67000000,83374.68000000,0.00000000,0.00000000,0.00000000,0.00000000,0.00000000
1743640733,83379.99000000,83379.98000000,83379.97000000,83379.95000000,83379.93000000,7.45925000,0.20431000,0.00007000,0.00000000,0.00000000,83379.10000000,83379.11000000,83379.15000000,83379.34000000,83379.35000000,0.00000000,0.00000000,0.00000000,0.00000000,0.00000000
1743640734,83379.99000000,83379.98000000,83379.88000000,83379.74000000,83379.34000000,6.66593000,0.20514000,0.00007000,0.02390000,0.00013000,83380.00000000,83380.01000000,83380.10000000,83380.20000000,83380.25000000,0.02820000,0.00193000,0.00029000,0.00266000,0.00014000
1743640735,83379.99000000,83379.74000000,83379.55000000,83379.44000000,83379.43000000,6.81010000,0.02396000,0.00007000,0.00021000,0.17300000,83380.00000000,83380.01000000,83380.10000000,83380.20000000,83380.25000000,0.04276000,0.00211000,0.00029000,0.00259000,0.00007000
1743640736,83379.99000000,83379.74000000,83379.55000000,83379.47000000,83379.44000000,6.70073000,0.02390000,0.00007000,0.00037000,0.00007000,83380.00000000,83380.01000000,83380.10000000,83380.13000000,83380.36000000,1.14174000,0.00204000,0.00022000,0.00014000,0.00014000
1743640737,83388.31000000,83388.29000000,83388.28000000,83388.01000000,83388.00000000,5.98328000,0.00007000,0.00007000,0.00021000,0.91338000,83380.00000000,83380.01000000,83380.10000000,83380.13000000,83380.20000000,0.00000000,0.00000000,0.00000000,0.00000000,0.00000000
1743640738,83388.31000000,83388.30000000,83388.29000000,83388.28000000,83388.22000000,0.48716000,0.00096000,0.00000000,0.00000000,0.00041000,83388.32000000,83388.33000000,83388.34000000,83389.61000000,83390.00000000,3.52947000,0.00229000,0.00007000,0.00000000,0.05803000
1743640739,83404.86000000,83404.85000000,83404.03000000,83404.01000000,83404.00000000,0.23984000,0.00096000,0.00014000,0.00035000,0.05810000,83388.32000000,83388.33000000,83388.34000000,83388.67000000,83388.68000000,0.00000000,0.00000000,0.00000000,0.00000000,0.00000000
1743640740,83404.86000000,83404.85000000,83404.03000000,83404.01000000,83404.00000000,0.00000000,0.00000000,0.00000000,0.00000000,0.00000000,83391.89000000,83391.90000000,83391.99000000,83392.00000000,83392.15000000,5.81550000,0.00203000,0.00021000,0.05810000,0.00007000
1743640741,83395.92000000,83395.91000000,83395.48000000,83395.47000000,83395.45000000,1.81955000,0.00097000,0.00021000,0.06017000,0.00007000,83391.89000000,83391.90000000,83391.99000000,83392.00000000,83392.15000000,0.00000000,0.00000000,0.00000000,0.00000000,0.00000000
1743640742,83424.71000000,83414.03000000,83414.02000000,83414.01000000,83414.00000000,0.00000000,0.32186000,0.00096000,0.00021000,0.05810000,83395.93000000,83395.94000000,83396.12000000,83396.13000000,83396.15000000,0.00000000,0.00000000,0.00000000,0.00000000,0.00000000
1743640743,83414.03000000,83414.02000000,83414.01000000,83414.00000000,83413.97000000,0.00000000,0.00000000,0.00000000,0.00000000,0.00000000,83411.25000000,83411.26000000,83411.44000000,83411.45000000,83411.46000000,4.21461000,0.00962000,0.00007000,0.00007000,0.00013000
1743640744,83411.24000000,83410.65000000,83410.50000000,83410.44000000,83410.43000000,2.64309000,0.00007000,0.00015000,0.00007000,0.00007000,83411.25000000,83411.26000000,83411.44000000,83411.46000000,83411.93000000,3.96118000,0.00964000,0.00260000,0.00007000,0.00122000
1743640745,83411.24000000,83410.50000000,83410.42000000,83410.41000000,83410.40000000,0.52184000,0.00007000,0.00007000,0.00000000,0.00000000,83411.25000000,83412.02000000,83414.02000000,83414.03000000,83420.21000000,3.29750000,0.00000000,0.00614000,0.23359000,0.08780000
1743640746,83411.24000000,83410.65000000,83410.42000000,83410.41000000,83410.40000000,0.23516000,0.00014000,0.00007000,0.00007000,0.00000000,83411.25000000,83414.02000000,83414.04000000,83420.21000000,83423.05000000,3.17204000,0.00014000,0.18019000,0.00000000,0.35560000
1743640747,83411.24000000,83411.23000000,83410.65000000,83410.50000000,83410.44000000,0.00000000,0.00000000,0.00000000,0.00000000,0.00000000,83398.92000000,83398.93000000,83399.07000000,83399.32000000,83399.33000000,6.62315000,0.00336000,0.00000000,0.00007000,0.00013000
1743640748,83398.91000000,83398.89000000,83398.88000000,83398.47000000,83398.46000000,0.21354000,0.00036000,0.04937000,0.00038000,0.18099000,83398.92000000,83398.93000000,83399.34000000,83399.35000000,83399.36000000,6.75833000,0.00346000,0.00021000,0.68837000,1.37679000
1743640749,83398.91000000,83398.90000000,83398.89000000,83398.88000000,83398.87000000,0.00000000,0.00000000,0.00000000,0.00000000,0.00000000,83396.25000000,83396.26000000,83396.43000000,83396.45000000,83396.46000000,6.22460000,0.00203000,0.00260000,0.00021000,0.07208000
1743640750,83396.24000000,83396.23000000,83396.01000000,83396.00000000,83395.93000000,0.00000000,0.00000000,0.00000000,0.00000000,0.00000000,83368.33000000,83368.42000000,83368.43000000,83368.44000000,83368.49000000,2.98739000,1.48926000,0.59116000,0.00000000,0.00013000
1743640751,83368.32000000,83368.31000000,83368.00000000,83367.59000000,83367.26000000,0.00000000,0.00000000,0.00000000,0.00000000,0.00000000,83358.51000000,83358.52000000,83358.62000000,83358.90000000,83359.00000000,3.29377000,0.00097000,0.00127000,0.00013000,0.00007000
1743640752,83358.50000000,83358.49000000,83358.48000000,83358.39000000,83358.24000000,0.00000000,0.00000000,0.00000000,0.00000000,0.00000000,83354.38000000,83354.39000000,83354.54000000,83354.55000000,83354.58000000,4.73762000,0.00096000,0.00021000,0.00510000,0.00021000
1743640753,83354.37000000,83354.33000000,83354.03000000,83354.02000000,83354.01000000,3.69662000,0.00007000,0.00021000,0.19668000,0.00035000,83354.38000000,83354.39000000,83354.40000000,83354.49000000,83354.50000000,0.85009000,0.00110000,0.02020000,0.00021000,0.02014000
1743640754,83361.37000000,83361.35000000,83360.96000000,83360.01000000,83360.00000000,0.00000000,0.00000000,0.00000000,0.00000000,0.00000000,83354.01000000,83354.02000000,83354.38000000,83354.39000000,83354.40000000,2.50600000,0.00097000,0.00000000,0.00000000,0.00000000
1743640755,83354.00000000,83353.99000000,83353.98000000,83353.89000000,83353.88000000,4.61883000,0.00096000,0.00007000,0.00021000,0.25827000,83354.01000000,83354.02000000,83354.32000000,83355.12000000,83355.13000000,0.14275000,0.00186000,0.00014000,0.00007000,0.00007000
1743640756,83357.99000000,83357.96000000,83357.95000000,83357.80000000,83357.79000000,0.00000000,3.33372000,0.00089000,0.00000000,0.00006000,83354.01000000,83354.02000000,83354.32000000,83354.83000000,83354.84000000,0.00000000,0.00000000,0.00000000,0.00000000,0.00000000
1743640757,83357.96000000,83357.95000000,83357.87000000,83357.79000000,83357.77000000,0.00000000,0.00000000,0.00000000,0.00000000,0.00000000,83350.89000000,83350.90000000,83351.23000000,83351.24000000,83351.25000000,6.10791000,0.00185000,0.00021000,0.35984000,0.60192000
1743640758,83350.88000000,83350.87000000,83350.75000000,83350.19000000,83350.01000000,0.00000000,0.00000000,0.00000000,0.00000000,0.00000000,83348.23000000,83348.24000000,83348.72000000,83348.86000000,83349.99000000,9.35575000,0.00185000,0.00000000,0.00000000,0.00021000
1743640759,83348.22000000,83348.21000000,83348.02000000,83348.01000000,83348.00000000,2.25696000,0.00110000,0.00021000,0.04990000,0.05810000,83348.23000000,83348.24000000,83348.25000000,83349.19000000,83350.00000000,1.41003000,0.00185000,0.00007000,0.00007000,0.05816000
1743640760,83348.22000000,83348.01000000,83347.23000000,83347.22000000,83347.19000000,3.33782000,0.16847000,0.00007000,0.06023000,0.00599000,83348.23000000,83348.24000000,83348.25000000,83348.41000000,83348.53000000,0.05399000,0.00185000,0.00007000,0.00259000,0.00014000
1743640761,83363.00000000,83362.99000000,83362.72000000,83362.71000000,83362.00000000,5.51839000,0.31052000,0.00021000,0.35140000,0.05816000,83348.23000000,83348.24000000,83348.25000000,83348.41000000,83348.53000000,0.00000000,0.00000000,0.00000000,0.00000000,0.00000000
1743640762,83365.68000000,83365.67000000,83365.62000000,83365.61000000,83365.60000000,6.07258000,0.00090000,0.00021000,0.35140000,0.04820000,83363.01000000,83363.02000000,83363.10000000,83363.13000000,83363.36000000,0.00000000,0.00000000,0.00000000,0.00000000,0.00000000
1743640763,83370.81000000,83370.80000000,83370.07000000,83370.04000000,83370.03000000,1.95703000,0.00097000,0.00000000,0.00021000,0.52765000,83365.69000000,83365.70000000,83365.77000000,83365.89000000,83365.93000000,0.00000000,0.00000000,0.00000000,0.00000000,0.00000000
1743640764,83370.81000000,83370.04000000,83370.03000000,83370.01000000,83370.00000000,2.09591000,0.00021000,0.05127000,0.00027000,0.05822000,83370.82000000,83370.83000000,83371.98000000,83371.99000000,83372.00000000,2.97051000,0.00186000,0.00021000,0.03943000,0.05810000
1743640765,83370.81000000,83370.80000000,83370.20000000,83370.19000000,83370.18000000,2.76468000,0.00097000,0.00021000,0.03943000,0.00007000,83370.82000000,83370.83000000,83371.14000000,83371.15000000,83371.98000000,1.99316000,0.00186000,0.00021000,0.79192000,0.00007000
1743640766,83382.35000000,83382.28000000,83382.01000000,83382.00000000,83381.95000000,5.74040000,0.00000000,0.00014000,0.05817000,0.00014000,83370.82000000,83370.83000000,83370.96000000,83371.13000000,83371.14000000,0.00000000,0.00000000,0.00000000,0.00000000,0.00000000
1743640767,83384.19000000,83384.18000000,83384.09000000,83384.06000000,83384.05000000,4.69533000,0.00097000,0.00000000,0.00007000,0.00013000,83382.36000000,83382.37000000,83382.49000000,83382.92000000,83382.97000000,0.00000000,0.00000000,0.00000000,0.00000000,0.00000000
1743640768,83384.19000000,83384.05000000,83384.02000000,83384.00000000,83383.99000000,3.76865000,0.00007000,0.00007000,0.05822000,0.00000000,83384.20000000,83384.21000000,83384.22000000,83384.23000000,83384.41000000,0.01008000,0.00195000,0.00007000,0.00000000,0.00015000
1743640769,83384.19000000,83384.18000000,83384.11000000,83384.10000000,83384.00000000,1.64242000,0.00097000,0.00021000,0.02020000,0.07803000,83384.20000000,83384.21000000,83384.41000000,83384.42000000,83384.43000000,3.41361000,0.00205000,0.00007000,0.00007000,0.00007000
1743640770,83384.19000000,83384.18000000,83384.11000000,83384.10000000,83384.06000000,0.00000000,0.00000000,0.00000000,0.00000000,0.00000000,83378.26000000,83378.27000000,83378.36000000,83378.39000000,83378.40000000,6.53055000,0.00197000,0.00000000,0.00021000,0.04820000
1743640771,83378.25000000,83378.24000000,83378.04000000,83378.03000000,83378.01000000,0.00000000,0.00000000,0.00000000,0.00000000,0.00000000,83377.16000000,83377.17000000,83377.31000000,83377.32000000,83377.33000000,5.07284000,0.00197000,0.00021000,0.53368000,0.00007000
1743640772,83377.15000000,83377.14000000,83377.06000000,83376.70000000,83376.63000000,0.00000000,0.00000000,0.00000000,0.00000000,0.00000000,83372.26000000,83372.27000000,83372.30000000,83373.05000000,83373.06000000,8.43167000,0.00185000,0.00007000,0.00007000,0.00013000
1743640773,83372.25000000,83372.18000000,83372.12000000,83372.01000000,83372.00000000,1.64718000,0.00015000,0.00013000,0.00057000,0.05810000,83372.26000000,83372.30000000,83372.42000000,83373.47000000,83373.95000000,5.86598000,0.00007000,0.00259000,0.00007000,0.00014000
1743640774,83372.25000000,83371.54000000,83368.25000000,83366.94000000,83361.25000000,2.23209000,0.00008000,0.00251000,0.00000000,0.00020000,83372.26000000,83373.96000000,83373.99000000,83375.14000000,83377.12000000,5.86366000,0.26350000,0.00006000,0.00249000,0.05835000
1743640775,83372.25000000,83372.01000000,83372.00000000,83371.89000000,83371.88000000,3.27565000,0.00050000,0.10616000,0.00007000,0.00021000,83372.26000000,83372.42000000,83372.54000000,83373.06000000,83373.45000000,0.74690000,0.00259000,0.00007000,0.00007000,0.00007000
1743640776,83372.25000000,83372.00000000,83371.88000000,83371.87000000,83371.86000000,1.64937000,0.05810000,0.00007000,0.00000000,0.00000000,83372.26000000,83372.42000000,83372.45000000,83372.46000000,83372.47000000,2.69135000,0.00259000,0.00021000,0.29439000,0.00021000
1743640777,83372.25000000,83372.24000000,83372.18000000,83372.12000000,83372.01000000,0.00000000,0.00000000,0.00000000,0.00000000,0.00000000,83370.09000000,83370.10000000,83370.27000000,83370.83000000,83371.32000000,8.23966000,0.00186000,0.00259000,0.00000000,0.00021000
1743640778,83370.08000000,83370.07000000,83370.02000000,83370.01000000,83370.00000000,0.00000000,0.00000000,0.00000000,0.00000000,0.00000000,83368.68000000,83368.69000000,83368.85000000,83368.93000000,83368.98000000,7.13733000,1.54324000,0.00258000,0.00000000,0.00000000
1743640779,83368.67000000,83368.41000000,83368.35000000,83368.01000000,83368.00000000,0.47378000,0.00007000,0.00015000,0.00057000,0.05810000,83368.68000000,83368.69000000,83369.07000000,83369.08000000,83370.01000000,6.09016000,0.83062000,0.79200000,0.00013000,0.80013000
1743640780,83368.67000000,83368.35000000,83368.32000000,83368.00000000,83367.95000000,0.15118000,0.00007000,0.00007000,0.05810000,0.00000000,83368.68000000,83368.69000000,83368.83000000,83369.05000000,83369.06000000,6.52432000,0.83062000,0.00258000,0.00013000,0.04014000
1743640781,83368.67000000,83368.66000000,83368.64000000,83368.41000000,83368.35000000,0.00000000,0.00000000,0.00000000,0.00000000,0.00000000,83354.02000000,83354.03000000,83355.18000000,83355.19000000,83355.29000000,3.24021000,0.00187000,0.00021000,0.23450000,0.01492000
1743640782,83354.01000000,83354.00000000,83353.91000000,83353.90000000,83353.68000000,0.00000000,0.00000000,0.00000000,0.00000000,0.00000000,83350.01000000,83350.02000000,83350.45000000,83350.90000000,83351.28000000,7.23622000,0.00102000,0.00000000,0.00000000,0.00000000
1743640783,83350.00000000,83349.99000000,83349.98000000,83349.97000000,83349.58000000,0.00000000,0.00000000,0.00000000,0.00000000,0.00000000,83342.10000000,83342.24000000,83342.51000000,83342.75000000,83342.86000000,6.64069000,0.00259000,0.00007000,0.00013000,0.00007000
1743640784,83342.09000000,83342.08000000,83342.07000000,83340.83000000,83340.53000000,0.00710000,0.00018000,0.00097000,0.00007000,0.00015000,83342.10000000,83342.24000000,83342.25000000,83342.30000000,83342.31000000,7.86634000,0.00259000,0.00260000,0.00021000,0.07219000
1743640785,83342.09000000,83342.08000000,83342.07000000,83341.92000000,83341.91000000,0.00000000,0.00000000,0.00000000,0.00000000,0.00000000,83335.96000000,83335.97000000,83335.99000000,83336.00000000,83336.10000000,2.54561000,0.00168000,0.00021000,0.05804000,0.00007000
1743640786,83335.95000000,83335.47000000,83335.46000000,83334.48000000,83334.46000000,5.25317000,0.16278000,0.06080000,0.04138000,0.00007000,83335.96000000,83335.99000000,83336.00000000,83336.10000000,83336.11000000,0.04874000,0.00007000,0.00007000,0.00007000,0.00258000
1743640787,83343.23000000,83343.22000000,83343.21000000,83343.20000000,83343.19000000,4.26555000,0.00131000,0.41176000,0.00021000,0.00033000,83335.96000000,83335.97000000,83335.98000000,83335.99000000,83336.00000000,0.00000000,0.00000000,0.00000000,0.00000000,0.00000000
1743640788,83343.23000000,83343.22000000,83343.21000000,83343.20000000,83343.19000000,4.69018000,0.00110000,0.26488000,0.00007000,0.00019000,83343.24000000,83343.25000000,83343.26000000,83343.90000000,83343.97000000,1.95136000,0.13924000,0.23419000,0.00007000,0.00000000
1743640789,83343.23000000,83343.22000000,83343.21000000,83343.20000000,83343.19000000,0.00000000,0.00000000,0.00000000,0.00000000,0.00000000,83340.63000000,83340.64000000,83340.65000000,83340.66000000,83340.78000000,5.31105000,2.37596000,0.00097000,0.00007000,0.00259000
1743640790,83340.62000000,83340.61000000,83340.50000000,83340.36000000,83340.25000000,2.74602000,0.00096000,0.00014000,0.00015000,0.00007000,83340.63000000,83340.64000000,83340.65000000,83340.66000000,83340.84000000,1.04029000,0.00358000,0.00007000,0.00096000,0.00007000
1743640791,83340.62000000,83338.89000000,83338.67000000,83337.21000000,83336.13000000,2.74440000,0.79215000,0.01500000,0.00599000,0.00252000,83340.63000000,83340.64000000,83340.66000000,83340.77000000,83340.84000000,1.04098000,0.00448000,0.00007000,0.00258000,0.00007000
1743640792,83346.70000000,83346.69000000,83346.41000000,83346.40000000,83346.05000000,0.00000000,0.00000000,0.00000000,0.00000000,0.00000000,83340.63000000,83340.64000000,83340.65000000,83340.66000000,83340.77000000,0.00000000,0.00000000,0.00000000,0.00000000,0.00000000
1743640793,83345.52000000,83345.51000000,83345.22000000,83344.01000000,83344.00000000,0.00000000,0.00000000,0.00000000,0.00000000,0.00000000,83334.90000000,83334.91000000,83335.05000000,83335.27000000,83335.28000000,6.74467000,0.00104000,0.00258000,0.00014000,0.00007000
1743640794,83334.89000000,83334.46000000,83334.02000000,83334.01000000,83334.00000000,0.00000000,0.00000000,0.00000000,0.00000000,0.00000000,83333.01000000,83333.02000000,83333.03000000,83333.04000000,83333.05000000,6.38361000,0.00103000,0.00021000,1.39201000,0.00014000
1743640795,83333.00000000,83332.99000000,83332.80000000,83332.12000000,83332.01000000,1.80501000,0.00096000,0.00007000,0.00000000,0.00021000,83333.01000000,83333.02000000,83333.03000000,83333.04000000,83333.05000000,2.10004000,0.00642000,0.00007000,0.00028000,0.29053000
1743640796,83333.00000000,83332.00000000,83331.67000000,83331.66000000,83331.42000000,3.92594000,0.06028000,0.52842000,0.98191000,0.08794000,83333.01000000,83333.02000000,83333.04000000,83333.05000000,83333.06000000,0.11519000,0.00185000,0.00007000,0.00007000,0.00007000
1743640797,83333.00000000,83331.66000000,83331.42000000,83330.98000000,83330.91000000,4.03635000,0.98184000,0.00007000,0.79223000,0.00126000,83333.01000000,83333.15000000,83333.16000000,83333.48000000,83333.62000000,0.11717000,0.00007000,0.00253000,0.00000000,0.00007000
1743640798,83333.00000000,83332.92000000,83332.80000000,83332.65000000,83332.64000000,3.32953000,0.00014000,0.00007000,0.00007000,0.00014000,83333.01000000,83333.62000000,83333.71000000,83333.72000000,83333.99000000,1.10452000,0.00000000,0.00000000,0.00000000,0.00023000
1743640799,83333.00000000,83332.00000000,83331.69000000,83331.68000000,83331.67000000,3.71075000,0.06021000,0.00014000,0.35581000,0.52828000,83333.01000000,83333.06000000,83333.62000000,83333.98000000,83333.99000000,1.12715000,0.00015000,0.00000000,0.00000000,0.00014000
1743640800,83343.99000000,83343.98000000,83343.56000000,83343.55000000,83343.48000000,6.19877000,0.00110000,0.00021000,0.01561000,0.00021000,83333.01000000,83333.02000000,83333.03000000,83333.04000000,83333.05000000,0.00000000,0.00000000,0.00000000,0.00000000,0.00000000
1743640801,83343.99000000,83343.98000000,83343.76000000,83343.71000000,83343.70000000,0.08833000,0.00096000,0.00000000,0.00007000,0.00007000,83344.00000000,83344.01000000,83344.13000000,83344.16000000,83344.22000000,4.22218000,0.00250000,0.00007000,0.00007000,0.00021000
1743640802,83343.99000000,83343.98000000,83343.71000000,83343.70000000,83343.69000000,0.00000000,0.00000000,0.00000000,0.00000000,0.00000000,83336.01000000,83336.02000000,83336.14000000,83336.95000000,83336.98000000,6.19854000,2.51270000,0.00251000,0.00000000,0.00000000
1743640803,83336.00000000,83335.99000000,83335.67000000,83335.66000000,83335.29000000,0.00000000,0.00000000,0.00000000,0.00000000,0.00000000,83332.14000000,83332.15000000,83332.29000000,83333.05000000,83333.58000000,5.23735000,0.00186000,0.00007000,0.00000000,0.00021000
1743640804,83332.13000000,83332.12000000,83332.05000000,83332.04000000,83332.01000000,0.00000000,0.00000000,0.00000000,0.00000000,0.00000000,83311.33000000,83311.34000000,83311.87000000,83312.00000000,83312.01000000,5.37661000,0.00000000,0.00014000,0.05804000,0.00007000
1743640806,83311.32000000,83311.31000000,83311.27000000,83310.01000000,83310.00000000,0.00000000,0.00000000,0.00000000,0.00000000,0.00000000,83282.01000000,83282.02000000,83282.08000000,83282.09000000,83282.10000000,3.36789000,0.00000000,0.00000000,0.00014000,0.00007000
1743640806,83282.00000000,83280.02000000,83280.01000000,83280.00000000,83279.08000000,0.00000000,0.00000000,0.00000000,0.00000000,0.00000000,83272.45000000,83272.46000000,83272.61000000,83272.62000000,83272.63000000,5.62249000,0.00185000,0.00021000,0.08598000,0.00014000
1743640807,83272.44000000,83272.43000000,83272.01000000,83272.00000000,83271.77000000,0.00000000,0.00000000,0.00000000,0.00000000,0.00000000,83250.01000000,83250.02000000,83250.10000000,83250.14000000,83250.15000000,0.00000000,0.00000000,0.00000000,0.00000000,0.00000000
1743640808,83262.47000000,83262.46000000,83262.40000000,83262.01000000,83262.00000000,0.49344000,0.00090000,0.00000000,0.00000000,0.00007000,83255.40000000,83255.77000000,83255.99000000,83256.59000000,83257.09000000,0.00000000,0.00000000,0.00000000,0.00000000,0.00000000
1743640809,83262.47000000,83262.46000000,83262.40000000,83262.01000000,83262.00000000,0.00000000,0.00000000,0.00000000,0.00000000,0.00000000,83252.08000000,83252.44000000,83253.89000000,83253.90000000,83253.91000000,4.05857000,0.00150000,0.00014000,0.60179000,0.16677000
1743640810,83252.07000000,83252.06000000,83252.01000000,83252.00000000,83251.78000000,0.00000000,0.00000000,0.00000000,0.00000000,0.00000000,83250.01000000,83250.02000000,83250.38000000,83250.39000000,83250.40000000,6.32219000,0.00186000,0.00000000,0.00021000,0.04836000
1743640811,83250.00000000,83249.99000000,83249.66000000,83249.63000000,83249.61000000,0.00000000,0.00000000,0.00000000,0.00000000,0.00000000,83235.09000000,83235.10000000,83235.85000000,83235.89000000,83235.98000000,2.05052000,0.00187000,0.00000000,0.00000000,0.00021000
1743640812,83235.08000000,83234.62000000,83234.52000000,83234.51000000,83234.01000000,1.05482000,0.00007000,0.00007000,0.00007000,0.00014000,83235.09000000,83235.10000000,83235.32000000,83235.33000000,83235.34000000,2.27761000,0.00187000,0.00021000,0.05949000,0.13362000
1743640813,83235.08000000,83235.07000000,83234.94000000,83234.72000000,83234.71000000,0.00000000,0.00000000,0.00000000,0.00000000,0.00000000,83232.69000000,83232.70000000,83232.71000000,83232.72000000,83232.73000000,3.73299000,0.39050000,0.00000000,0.00000000,0.00000000
1743640814,83233.35000000,83233.34000000,83233.33000000,83233.05000000,83233.04000000,5.23644000,0.00090000,0.00000000,0.00014000,0.23437000,83232.69000000,83232.70000000,83232.75000000,83232.81000000,83232.82000000,0.00000000,0.00000000,0.00000000,0.00000000,0.00000000
1743640815,83236.89000000,83236.88000000,83236.81000000,83236.73000000,83236.01000000,0.00000000,0.00000000,0.00000000,0.00000000,0.00000000,83232.82000000,83232.83000000,83232.89000000,83233.36000000,83233.37000000,4.29764000,0.00097000,0.00258000,0.00000000,0.00000000
1743640816,83239.98000000,83239.97000000,83239.96000000,83239.74000000,83239.73000000,3.00325000,0.00000000,0.00089000,0.00014000,0.11300000,83232.82000000,83232.83000000,83232.89000000,83233.51000000,83233.95000000,0.00000000,0.00000000,0.00000000,0.00000000,0.00000000
1743640817,83239.98000000,83239.73000000,83239.03000000,83238.62000000,83238.53000000,3.00362000,0.10098000,0.00252000,0.00132000,0.00193000,83239.99000000,83240.00000000,83240.15000000,83241.69000000,83242.00000000,2.50634000,0.06815000,0.00260000,0.00007000,0.05797000
1743640818,83239.98000000,83239.96000000,83239.74000000,83239.73000000,83239.71000000,0.00000000,0.00000000,0.00000000,0.00000000,0.00000000,83238.95000000,83238.96000000,83239.22000000,83239.74000000,83239.75000000,2.83304000,0.00096000,0.00000000,0.00021000,0.23444000
1743640819,83238.94000000,83238.01000000,83238.00000000,83237.56000000,83236.89000000,0.52875000,0.00023000,0.05790000,0.00000000,0.00000000,83238.95000000,83238.96000000,83239.75000000,83239.94000000,83239.95000000,2.87776000,0.00106000,0.23451000,0.00021000,0.46097000
1743640820,83238.94000000,83238.93000000,83238.92000000,83238.13000000,83238.01000000,0.02730000,0.00090000,0.00000000,0.00000000,0.00009000,83238.95000000,83238.96000000,83239.74000000,83239.75000000,83239.94000000,3.68086000,0.00186000,0.00007000,0.00007000,0.00007000
1743640821,83238.94000000,83238.93000000,83238.64000000,83238.63000000,83238.62000000,0.00000000,0.00000000,0.00000000,0.00000000,0.00000000,83234.78000000,83234.79000000,83234.85000000,83234.92000000,83235.06000000,3.67605000,0.00097000,0.00260000,0.00258000,0.00007000
1743640822,83234.77000000,83234.76000000,83234.75000000,83234.24000000,83234.00000000,3.30609000,0.00204000,0.00000000,0.00008000,0.05804000,83234.78000000,83234.79000000,83234.92000000,83234.93000000,83234.94000000,1.44409000,0.00186000,0.00258000,0.00007000,0.00007000
1743640823,83234.77000000,83234.24000000,83234.01000000,83234.00000000,83233.96000000,3.22876000,0.00000000,0.00014000,0.05790000,0.00000000,83234.78000000,83234.92000000,83235.06000000,83235.59000000,83235.89000000,1.56677000,0.00007000,0.00007000,0.00239000,0.00007000
1743640824,83234.77000000,83234.57000000,83234.00000000,83233.73000000,83233.02000000,0.83175000,0.00000000,0.05797000,0.00000000,0.00014000,83234.78000000,83234.94000000,83234.95000000,83235.00000000,83235.01000000,3.22890000,0.00007000,0.00000000,0.00021000,0.29374000
1743640825,83234.77000000,83234.58000000,83234.00000000,83233.60000000,83233.58000000,1.86642000,0.00008000,0.05790000,0.00123000,0.00412000,83234.78000000,83234.79000000,83235.00000000,83235.01000000,83235.02000000,2.07253000,0.00197000,0.00007000,0.00028000,0.18455000
1743640827,83234.84000000,83234.83000000,83234.80000000,83234.79000000,83234.78000000,8.64033000,0.05103000,0.00021000,1.04533000,1.26086000,83234.78000000,83234.79000000,83234.84000000,83234.85000000,83234.86000000,0.00000000,0.00000000,0.00000000,0.16794000,0.00186000
1743640827,83237.98000000,83237.97000000,83237.69000000,83237.61000000,83237.60000000,6.99805000,0.00097000,0.00000000,0.00014000,0.04807000,83234.85000000,83234.86000000,83234.92000000,83234.93000000,83234.94000000,0.00000000,0.00000000,0.00000000,0.00000000,0.00000000
1743640828,83239.99000000,83239.98000000,83239.97000000,83239.85000000,83239.80000000,5.96949000,0.00096000,0.00008000,0.00120000,0.00360000,83237.99000000,83238.00000000,83238.37000000,83238.74000000,83238.75000000,0.00000000,0.00000000,0.00000000,0.00000000,0.00000000
1743640829,83239.99000000,83239.98000000,83239.97000000,83239.80000000,83239.23000000,1.19451000,0.00089000,0.00000000,0.00132000,0.00000000,83240.00000000,83240.01000000,83240.03000000,83240.08000000,83240.09000000,2.57067000,0.00197000,0.00007000,0.00260000,0.00015000
1743640830,83239.99000000,83238.28000000,83238.02000000,83238.01000000,83238.00000000,2.85257000,0.79304000,0.00014000,0.08816000,0.05790000,83240.00000000,83240.03000000,83240.09000000,83240.80000000,83240.81000000,0.31503000,0.00014000,0.00007000,0.00021000,0.00000000
1743640831,83242.41000000,83242.40000000,83242.01000000,83242.00000000,83241.73000000,4.42176000,0.09796000,0.00014000,0.05790000,0.00000000,83240.00000000,83240.01000000,83240.03000000,83240.08000000,83240.09000000,0.00000000,0.00000000,0.00000000,0.00000000,0.00000000
1743640832,83242.41000000,83241.72000000,83240.86000000,83240.85000000,83240.80000000,3.48240000,0.00000000,0.00000000,0.00000000,0.00021000,83242.42000000,83242.43000000,83242.84000000,83243.14000000,83243.15000000,2.77514000,0.00209000,0.17071000,0.00000000,0.00000000
1743640833,83242.41000000,83242.40000000,83242.01000000,83242.00000000,83241.70000000,0.00000000,0.00000000,0.00000000,0.00000000,0.00000000,83227.48000000,83227.49000000,83227.61000000,83227.62000000,83227.63000000,5.08806000,0.00187000,0.00007000,0.00000000,0.00007000
1743640834,83227.47000000,83227.46000000,83227.43000000,83227.42000000,83226.69000000,0.00000000,0.00000000,0.00000000,0.00000000,0.00000000,83215.02000000,83215.03000000,83215.11000000,83215.12000000,83215.20000000,4.98464000,0.00186000,0.00007000,0.00014000,0.00007000
1743640835,83215.01000000,83215.00000000,83214.46000000,83214.41000000,83214.36000000,0.00000000,0.00000000,0.00000000,0.00000000,0.00000000,83207.23000000,83207.24000000,83207.73000000,83208.00000000,83208.01000000,6.06620000,0.00096000,0.00000000,0.05811000,0.00014000
1743640836,83207.22000000,83207.21000000,83207.19000000,83207.18000000,83207.00000000,1.03755000,0.00193000,0.00000000,0.00008000,0.00000000,83207.23000000,83207.24000000,83207.99000000,83208.00000000,83208.01000000,6.93780000,0.00186000,0.00021000,0.05811000,0.00014000
1743640837,83207.22000000,83207.21000000,83207.20000000,83207.18000000,83206.02000000,2.49445000,0.03831000,0.00007000,0.00000000,0.00000000,83207.23000000,83207.99000000,83208.00000000,83208.01000000,83208.22000000,2.74546000,0.00021000,0.05804000,0.00007000,0.00007000
1743640838,83207.22000000,83207.21000000,83206.33000000,83206.32000000,83206.31000000,2.47883000,0.00193000,0.00050000,0.27444000,0.79335000,83207.23000000,83208.00000000,83208.56000000,83208.62000000,83208.63000000,1.44393000,0.05804000,0.00007000,0.00014000,0.14415000
1743640839,83207.22000000,83207.20000000,83206.33000000,83206.32000000,83206.31000000,0.71448000,0.00000000,0.00036000,0.00000000,0.00000000,83207.23000000,83208.00000000,83208.01000000,83208.14000000,83208.15000000,2.56250000,0.05818000,0.00007000,0.00007000,0.00028000
1743640840,83207.22000000,83206.15000000,83206.14000000,83206.01000000,83205.60000000,2.13724000,0.00014000,0.07634000,0.00000000,0.04800000,83207.23000000,83207.24000000,83207.68000000,83207.99000000,83208.00000000,2.32624000,0.00186000,0.00220000,0.00031000,0.05818000
1743640841,83207.22000000,83206.14000000,83206.13000000,83206.00000000,83205.60000000,4.28841000,0.07641000,0.18153000,0.05797000,0.04807000,83207.23000000,83207.24000000,83207.27000000,83207.29000000,83207.68000000,1.50374000,0.00186000,0.00015000,0.00259000,0.00212000
1743640842,83207.22000000,83206.46000000,83206.14000000,83206.03000000,83205.60000000,4.12552000,0.00015000,0.07641000,0.00450000,0.04800000,83207.23000000,83207.27000000,83207.29000000,83207.39000000,83207.40000000,0.52199000,0.00007000,0.00259000,0.00021000,0.14766000
1743640843,83207.22000000,83206.14000000,83205.41000000,83205.40000000,83203.64000000,4.77492000,0.18931000,0.00014000,0.35560000,0.00000000,83207.23000000,83207.39000000,83207.40000000,83207.73000000,83207.99000000,0.18676000,0.00007000,0.00007000,0.00017000,0.00000000
1743640844,83212.44000000,83212.43000000,83212.34000000,83212.33000000,83212.32000000,8.84600000,0.00187000,0.00014000,0.60307000,0.00007000,83207.23000000,83207.24000000,83207.27000000,83207.29000000,83207.39000000,0.00000000,0.00000000,0.00000000,0.00000000,0.00000000
1743640845,83212.44000000,83212.33000000,83212.01000000,83212.00000000,83211.75000000,8.84604000,0.26897000,0.00014000,0.10590000,0.00007000,83212.45000000,83212.46000000,83212.70000000,83213.24000000,83213.25000000,0.77434000,0.03183000,0.00007000,0.00039000,0.00007000
1743640847,83212.44000000,83207.70000000,83206.91000000,83206.87000000,83198.00000000,8.80625000,0.01500000,0.00000000,0.00600000,0.02403000,83212.45000000,83212.46000000,83212.70000000,83213.31000000,83213.33000000,0.77456000,0.03183000,0.00007000,0.00127000,0.00014000
1743640847,83227.47000000,83227.46000000,83226.64000000,83226.63000000,83226.42000000,4.60788000,0.00186000,0.00000000,0.00007000,0.00000000,83212.45000000,83212.46000000,83212.70000000,83213.24000000,83213.25000000,0.00000000,0.00000000,0.00000000,0.00000000,0.00000000
1743640848,83227.47000000,83227.46000000,83227.38000000,83227.37000000,83226.91000000,1.89988000,0.00179000,0.00014000,0.17685000,0.00008000,83227.48000000,83227.49000000,83227.55000000,83227.58000000,83227.59000000,3.83950000,0.00205000,0.00259000,0.00021000,0.84304000
1743640849,83227.47000000,83227.39000000,83227.38000000,83226.01000000,83225.83000000,1.89989000,0.00000000,0.00014000,0.00014000,0.00014000,83227.48000000,83230.00000000,83230.85000000,83232.74000000,83232.89000000,3.52539000,0.05797000,0.00007000,0.00000000,0.00000000
1743640850,83227.47000000,83227.38000000,83227.37000000,83226.91000000,83226.01000000,1.58348000,0.00000000,0.00000000,0.00000000,0.00000000,83227.48000000,83227.60000000,83227.65000000,83227.82000000,83227.98000000,4.97984000,0.79328000,0.00258000,0.00127000,0.00000000
1743640852,83227.47000000,83227.41000000,83227.40000000,83227.31000000,83227.30000000,1.52947000,0.00014000,0.02000000,0.00014000,0.02000000,83227.48000000,83230.33000000,83231.02000000,83234.97000000,83238.07000000,4.98205000,0.00000000,0.00007000,0.12110000,0.04806000
1743640852,83241.44000000,83241.43000000,83240.93000000,83240.92000000,83240.90000000,5.69271000,0.05096000,0.00000000,0.00007000,0.00014000,83227.48000000,83227.49000000,83227.55000000,83227.58000000,83227.59000000,0.00000000,0.00000000,0.00000000,0.00000000,0.00000000
1743640853,83241.44000000,83241.43000000,83240.92000000,83240.90000000,83240.89000000,5.63579000,0.00103000,0.00014000,0.00021000,0.20978000,83241.45000000,83241.69000000,83241.99000000,83242.00000000,83242.14000000,0.17624000,0.00007000,0.00035000,0.05811000,0.00014000
1743640854,83241.44000000,83240.69000000,83240.63000000,83240.62000000,83240.00000000,5.69100000,0.18614000,0.00014000,0.64694000,0.05818000,83241.45000000,83241.46000000,83241.48000000,83241.53000000,83241.58000000,0.03103000,0.00193000,0.00007000,0.00007000,0.00014000
1743640855,83241.47000000,83241.46000000,83241.45000000,83241.44000000,83241.43000000,6.81300000,0.96101000,0.79315000,0.05263000,0.00014000,83241.45000000,83241.46000000,83241.47000000,83241.48000000,83241.49000000,0.00000000,0.00000000,0.00000000,1.59582000,0.00186000
1743640856,83241.47000000,83241.46000000,83241.44000000,83240.00000000,83239.66000000,5.73449000,0.76543000,0.05209000,0.05804000,0.00000000,83241.48000000,83241.49000000,83241.61000000,83241.66000000,83241.69000000,0.18416000,0.00194000,0.00007000,0.00000000,0.00007000
1743640857,83241.47000000,83240.92000000,83240.60000000,83240.00000000,83238.61000000,4.88105000,0.00159000,0.00189000,0.05811000,0.00000000,83241.48000000,83241.61000000,83241.68000000,83241.69000000,83241.98000000,1.67625000,0.00007000,0.00015000,0.00007000,0.00014000
1743640859,83241.47000000,83241.46000000,83241.45000000,83241.44000000,83241.43000000,0.00000000,0.00000000,0.00000000,0.00000000,0.00000000,83218.94000000,83219.11000000,83219.13000000,83219.14000000,83219.15000000,3.94837000,0.16670000,0.00014000,3.41910000,0.44114000
1743640859,83218.93000000,83218.92000000,83216.98000000,83216.60000000,83216.59000000,0.20726000,0.00185000,0.10564000,0.00014000,0.14723000,83218.94000000,83218.95000000,83219.00000000,83219.09000000,83219.10000000,6.40322000,0.00186000,0.00259000,0.00007000,0.00028000
1743640860,83218.93000000,83218.74000000,83218.69000000,83218.41000000,83218.40000000,0.83033000,0.00007000,0.00007000,0.00007000,0.00007000,83218.94000000,83219.10000000,83219.11000000,83219.13000000,83219.14000000,5.27710000,0.00007000,0.00007000,0.00007000,0.00101000
1743640861,83218.93000000,83218.92000000,83218.83000000,83218.75000000,83218.74000000,0.00000000,0.00000000,0.00000000,0.00000000,0.00000000,83209.69000000,83209.70000000,83209.86000000,83209.95000000,83209.96000000,4.33495000,0.00186000,0.00014000,0.00007000,0.00014000
1743640862,83209.68000000,83208.38000000,83208.28000000,83208.07000000,83208.04000000,0.18778000,0.00007000,0.00007000,0.00007000,0.00184000,83209.69000000,83209.96000000,83209.98000000,83209.99000000,83210.35000000,4.26155000,0.00014000,0.00021000,0.05226000,0.00450000
1743640864,83209.68000000,83209.67000000,83209.42000000,83209.40000000,83209.19000000,0.00000000,0.00000000,0.00000000,0.00000000,0.00000000,83200.01000000,83200.02000000,83200.03000000,83200.04000000,83200.06000000,7.16501000,0.00187000,0.00000000,0.00000000,0.00260000
1743640864,83200.00000000,83199.46000000,83198.23000000,83198.00000000,83197.80000000,1.17418000,0.00007000,0.00000000,0.08200000,0.00007000,83200.01000000,83200.06000000,83200.16000000,83201.46000000,83201.47000000,8.02461000,0.00260000,0.00259000,0.00021000,0.28969000
1743640865,83200.00000000,83199.46000000,83199.00000000,83198.50000000,83198.00000000,1.00748000,0.00007000,0.00000000,0.00000000,0.02410000,83200.01000000,83202.01000000,83202.05000000,83202.92000000,83203.99000000,7.99911000,0.04027000,0.02363000,0.00000000,0.35560000
1743640866,83200.00000000,83199.99000000,83199.96000000,83199.79000000,83199.60000000,0.00000000,0.00000000,0.00000000,0.00000000,0.00000000,83191.69000000,83191.70000000,83191.71000000,83191.72000000,83191.73000000,5.74308000,0.16870000,0.00007000,0.00007000,0.00007000
1743640867,83191.68000000,83191.67000000,83191.11000000,83190.47000000,83190.30000000,1.84078000,0.00187000,0.00015000,0.00018000,0.00007000,83191.69000000,83191.70000000,83191.74000000,83191.95000000,83191.96000000,2.58533000,0.16870000,0.00000000,0.00000000,0.00007000
1743640868,83191.68000000,83191.11000000,83191.10000000,83190.01000000,83190.00000000,3.95341000,0.00029000,0.06022000,0.00014000,0.05825000,83191.69000000,83191.70000000,83191.73000000,83191.74000000,83191.76000000,0.15806000,0.00186000,0.00007000,0.00259000,0.00007000
1743640869,83191.73000000,83191.72000000,83191.71000000,83191.70000000,83191.69000000,5.60082000,1.10328000,0.00007000,0.22646000,0.22256000,83191.69000000,83191.70000000,83191.71000000,83191.72000000,83191.73000000,0.00000000,0.00000000,0.00000000,0.00000000,0.00000000
1743640870,83191.73000000,83191.72000000,83191.71000000,83191.70000000,83191.69000000,0.00000000,0.00000000,0.00000000,0.00000000,0.00000000,83181.82000000,83181.83000000,83181.86000000,83181.99000000,83182.00000000,7.67525000,0.00000000,0.00000000,0.00021000,0.05811000
1743640871,83181.81000000,83181.80000000,83181.29000000,83180.81000000,83180.80000000,1.46136000,0.00216000,0.00008000,0.00000000,0.08151000,83181.82000000,83181.83000000,83182.00000000,83182.49000000,83182.60000000,5.27958000,0.00097000,0.05818000,0.00015000,0.00127000
1743640873,83181.81000000,83181.80000000,83181.29000000,83181.20000000,83180.81000000,0.00000000,0.00000000,0.00000000,0.00000000,0.00000000,83170.01000000,83170.02000000,83170.05000000,83170.18000000,83170.19000000,2.65808000,0.00097000,0.00258000,0.00007000,0.00007000
1743640873,83170.00000000,83169.99000000,83169.87000000,83169.84000000,83169.83000000,0.00000000,0.00000000,0.00000000,0.00000000,0.00000000,83160.16000000,83160.17000000,83160.52000000,83160.79000000,83160.80000000,4.25335000,0.00096000,0.00007000,0.00021000,0.04821000
1743640874,83160.15000000,83160.08000000,83159.38000000,83159.36000000,83158.98000000,0.61740000,0.00000000,0.00000000,0.20901000,0.00014000,83160.16000000,83160.17000000,83160.18000000,83160.32000000,83160.33000000,4.79397000,0.00096000,0.00014000,0.00021000,0.07242000
1743640875,83160.15000000,83159.63000000,83159.54000000,83159.38000000,83159.37000000,0.74622000,0.00000000,0.00000000,0.00000000,0.00014000,83160.16000000,83162.40000000,83165.29000000,83165.63000000,83166.41000000,5.90601000,0.13809000,0.35560000,0.00601000,0.00007000
1743640876,83160.15000000,83160.14000000,83160.10000000,83160.09000000,83160.02000000,0.00000000,0.00000000,0.00000000,0.00000000,0.00000000,83150.79000000,83150.80000000,83151.65000000,83151.70000000,83151.71000000,3.17816000,0.00096000,0.00127000,0.00021000,0.58374000
1743640877,83154.00000000,83153.99000000,83153.98000000,83153.23000000,83153.18000000,6.17181000,1.06530000,0.72712000,0.00007000,0.00127000,83150.79000000,83150.80000000,83151.65000000,83151.70000000,83151.71000000,0.00000000,0.00000000,0.00000000,0.00000000,0.00000000
1743640878,83154.00000000,83153.99000000,83153.98000000,83152.37000000,83152.31000000,6.87498000,1.07975000,0.72719000,0.02376000,0.00000000,83154.01000000,83154.02000000,83154.72000000,83155.03000000,83155.55000000,0.16991000,0.00096000,0.00007000,0.00007000,0.00014000
1743640879,83168.45000000,83168.44000000,83168.39000000,83168.38000000,83168.29000000,5.13531000,0.05192000,0.00021000,0.23451000,0.00007000,83154.01000000,83154.02000000,83154.04000000,83154.72000000,83154.81000000,0.00000000,0.00000000,0.00000000,0.00000000,0.00000000
1743640880,83171.98000000,83171.97000000,83171.61000000,83171.60000000,83171.30000000,10.15063000,0.05201000,0.00000000,0.00000000,0.00007000,83168.46000000,83168.47000000,83168.48000000,83168.80000000,83168.83000000,0.00000000,0.00000000,0.00000000,0.00000000,0.00000000
1743640881,83171.98000000,83171.97000000,83171.91000000,83171.90000000,83171.59000000,7.00687000,0.00201000,0.00021000,0.02021000,0.00021000,83171.99000000,83172.00000000,83172.12000000,83172.52000000,83172.60000000,0.40743000,0.05989000,0.00007000,0.00007000,0.00000000
1743640882,83171.98000000,83171.58000000,83170.47000000,83170.02000000,83170.01000000,4.54511000,0.01838000,0.00000000,0.00023000,0.32038000,83171.99000000,83172.00000000,83172.52000000,83172.99000000,83173.00000000,3.34974000,0.05999000,0.00007000,0.00021000,0.31264000
1743640883,83171.98000000,83171.90000000,83171.81000000,83171.80000000,83171.58000000,5.41309000,0.02021000,0.00021000,0.02014000,0.01838000,83171.99000000,83172.00000000,83172.99000000,83173.00000000,83173.01000000,0.72345000,0.05997000,0.00007000,0.00014000,0.16999000
1743640884,83178.21000000,83178.20000000,83178.17000000,83178.16000000,83178.05000000,0.00000000,0.00000000,0.00000000,0.00000000,0.00000000,83171.99000000,83172.00000000,83172.03000000,83172.09000000,83172.10000000,0.00000000,0.00000000,0.00000000,0.00000000,0.00000000
1743640885,83176.98000000,83176.97000000,83176.27000000,83176.02000000,83176.01000000,3.53588000,0.00186000,0.00007000,0.00021000,0.01904000,83176.99000000,83177.00000000,83177.03000000,83177.09000000,83177.10000000,0.31172000,0.00186000,0.00258000,0.00007000,0.00007000
1743640886,83181.99000000,83181.98000000,83181.25000000,83181.24000000,83181.03000000,6.13563000,0.00202000,0.00021000,0.23465000,0.00021000,83176.99000000,83177.00000000,83177.03000000,83177.09000000,83177.10000000,0.00000000,0.00000000,0.00000000,0.00000000,0.00000000
1743640887,83185.16000000,83185.15000000,83185.09000000,83184.55000000,83184.01000000,9.92972000,0.05200000,0.00007000,0.00000000,0.00021000,83182.00000000,83182.01000000,83182.05000000,83182.35000000,83182.36000000,0.00000000,0.00000000,0.00000000,0.00000000,0.00000000
1743640888,83185.30000000,83185.29000000,83185.25000000,83185.24000000,83185.23000000,4.69006000,0.05021000,0.00007000,0.00014000,0.00021000,83185.17000000,83185.18000000,83185.21000000,83185.22000000,83185.30000000,0.00000000,0.00000000,0.00000000,0.00000000,0.00000000
1743640889,83200.00000000,83199.99000000,83199.98000000,83199.95000000,83199.94000000,7.31023000,0.05200000,0.00000000,0.00000000,0.00000000,83185.31000000,83185.32000000,83185.37000000,83185.82000000,83185.95000000,0.00000000,0.00000000,0.00000000,0.00000000,0.00000000
1743640890,83200.00000000,83199.99000000,83199.66000000,83199.65000000,83199.21000000,4.63795000,0.00193000,0.00007000,0.00007000,0.00021000,83200.01000000,83200.02000000,83200.07000000,83200.15000000,83200.28000000,2.01685000,0.16874000,0.00260000,0.00014000,0.00007000
1743640891,83200.00000000,83199.99000000,83199.46000000,83199.42000000,83199.20000000,5.57113000,0.00014000,0.00007000,0.00172000,0.04835000,83200.01000000,83200.02000000,83200.03000000,83200.28000000,83200.48000000,0.48994000,0.00007000,0.00096000,0.00007000,0.00015000
1743640892,83209.42000000,83208.86000000,83208.85000000,83208.71000000,83208.65000000,6.19165000,0.00021000,0.23451000,0.00007000,0.00007000,83200.01000000,83200.02000000,83200.03000000,83200.07000000,83200.15000000,0.00000000,0.00000000,0.00000000,0.00000000,0.00000000
1743640893,83216.98000000,83216.97000000,83216.95000000,83216.94000000,83216.90000000,6.89914000,0.00007000,0.00007000,0.00014000,0.00021000,83209.43000000,83209.44000000,83209.45000000,83209.46000000,83209.47000000,0.00000000,0.00000000,0.00000000,0.00000000,0.00000000
1743640894,83216.98000000,83216.94000000,83216.90000000,83216.89000000,83216.70000000,7.15066000,0.00007000,0.00007000,0.00007000,0.00021000,83216.99000000,83217.03000000,83217.37000000,83217.38000000,83217.67000000,0.57031000,0.00007000,0.00007000,0.00007000,0.00007000
1743640895,83216.98000000,83216.97000000,83216.69000000,83216.65000000,83216.30000000,7.35067000,0.00007000,0.45183000,0.80600000,0.00228000,83216.99000000,83217.01000000,83217.67000000,83217.80000000,83217.99000000,0.07524000,0.00196000,0.00014000,0.00000000,0.00000000
1743640896,83216.98000000,83216.97000000,83211.99000000,83209.86000000,83203.89000000,7.35307000,0.00007000,0.00251000,0.00007000,0.12109000,83216.99000000,83217.03000000,83217.19000000,83217.67000000,83217.74000000,0.24120000,0.00007000,0.00015000,0.00007000,0.00014000
1743640897,83216.98000000,83216.97000000,83216.89000000,83216.85000000,83216.70000000,0.11215000,0.00096000,0.00007000,0.00014000,0.00007000,83216.99000000,83217.00000000,83217.01000000,83217.03000000,83217.06000000,6.00223000,0.00147000,0.00096000,0.00007000,0.00259000
1743640898,83216.98000000,83216.97000000,83216.95000000,83216.94000000,83216.90000000,0.00000000,0.00000000,0.00000000,0.00000000,0.00000000,83213.77000000,83213.78000000,83213.98000000,83213.99000000,83214.00000000,6.87528000,0.00196000,0.00021000,0.03528000,0.05818000
1743640899,83213.76000000,83213.75000000,83213.56000000,83213.54000000,83212.98000000,0.00000000,0.00000000,0.00000000,0.00000000,0.00000000,83201.09000000,83201.10000000,83201.99000000,83202.00000000,83202.01000000,3.57639000,0.00007000,0.00021000,0.05804000,0.00007000
1743640900,83201.08000000,83201.07000000,83201.02000000,83200.60000000,83200.29000000,0.00000000,0.00000000,0.00000000,0.00000000,0.00000000,83200.01000000,83200.02000000,83200.15000000,83200.18000000,83200.19000000,4.77991000,0.00186000,0.00258000,0.00007000,0.00007000
1743640901,83200.00000000,83199.99000000,83199.86000000,83199.46000000,83199.21000000,0.00000000,0.00000000,0.00000000,0.00000000,0.00000000,83196.27000000,83196.28000000,83196.32000000,83196.96000000,83197.26000000,5.78625000,0.00186000,0.00258000,0.00007000,0.00021000
1743640902,83196.26000000,83196.25000000,83196.19000000,83196.14000000,83196.08000000,0.00000000,0.00000000,0.00000000,0.00000000,0.00000000,83186.54000000,83186.55000000,83186.59000000,83187.02000000,83187.07000000,0.06747000,0.00186000,0.00258000,0.00014000,0.00007000
1743640903,83196.26000000,83196.25000000,83196.24000000,83196.23000000,83196.00000000,8.86664000,0.00262000,0.49932000,0.00014000,0.05811000,83186.54000000,83186.55000000,83186.59000000,83186.72000000,83186.73000000,0.00000000,0.00000000,0.00000000,0.00000000,0.00000000
1743640904,83196.26000000,83196.25000000,83196.24000000,83196.23000000,83196.13000000,3.31514000,0.00186000,0.00014000,0.00014000,0.00014000,83196.27000000,83196.28000000,83196.44000000,83196.57000000,83196.58000000,2.22994000,0.16884000,0.00015000,0.00007000,0.00007000
1743640905,83196.26000000,83196.00000000,83194.93000000,83194.92000000,83194.91000000,4.47948000,0.05811000,0.00014000,0.43016000,0.79353000,83196.27000000,83196.28000000,83196.91000000,83196.96000000,83197.49000000,0.37308000,0.16884000,0.00007000,0.00007000,0.00000000
1743640906,83196.26000000,83196.00000000,83194.93000000,83194.92000000,83194.91000000,4.43826000,0.05811000,0.00000000,0.00000000,0.00000000,83196.27000000,83196.28000000,83196.96000000,83197.79000000,83197.89000000,0.68492000,0.00217000,0.00007000,0.00000000,0.00014000
1743640907,83196.26000000,83196.25000000,83196.00000000,83194.86000000,83194.85000000,4.79829000,0.00186000,0.05811000,0.00014000,0.35581000,83196.27000000,83196.28000000,83196.44000000,83196.96000000,83197.38000000,0.08045000,0.00217000,0.00007000,0.00014000,0.00008000
1743640908,83196.26000000,83196.00000000,83194.86000000,83194.85000000,83194.84000000,4.76455000,0.05818000,0.00000000,0.00014000,0.43017000,83196.27000000,83196.28000000,83196.30000000,83196.91000000,83196.96000000,0.57013000,0.00217000,0.00007000,0.00007000,0.00000000
1743640909,83196.26000000,83193.49000000,83193.05000000,83191.32000000,83190.52000000,3.58147000,0.49801000,0.00000000,0.47959000,0.00000000,83196.27000000,83196.28000000,83198.00000000,83199.20000000,83200.00000000,1.62778000,0.00308000,0.05804000,0.04800000,0.28840000
1743640910,83196.26000000,83196.24000000,83196.23000000,83196.13000000,83196.01000000,2.05937000,0.00007000,0.00007000,0.00157000,0.00196000,83196.27000000,83196.28000000,83196.44000000,83196.47000000,83196.58000000,3.49628000,0.00298000,0.00007000,0.00127000,0.00007000
1743640911,83196.26000000,83196.25000000,83196.23000000,83196.22000000,83196.00000000,4.44254000,0.00186000,0.00021000,0.06033000,0.06103000,83196.27000000,83196.47000000,83196.58000000,83196.59000000,83196.96000000,0.42843000,0.00007000,0.00007000,0.00015000,0.00000000
1743640912,83196.26000000,83196.00000000,83194.80000000,83194.49000000,83188.54000000,4.44843000,0.06103000,0.00252000,0.00007000,0.08780000,83196.27000000,83196.30000000,83196.41000000,83196.59000000,83196.96000000,0.24154000,0.00007000,0.00258000,0.00008000,0.00000000
1743640913,83196.26000000,83196.23000000,83196.22000000,83196.01000000,83196.00000000,0.19333000,0.00007000,0.00007000,0.00182000,0.00007000,83196.27000000,83196.28000000,83196.30000000,83196.32000000,83196.41000000,5.89101000,0.03398000,0.00007000,0.00259000,0.00007000
1743640914,83196.26000000,83192.25000000,83190.52000000,83190.01000000,83190.00000000,0.14616000,0.01302000,0.00120000,0.00000000,0.00007000,83196.27000000,83196.43000000,83196.44000000,83196.61000000,83196.81000000,5.65098000,0.13880000,0.07232000,0.07225000,0.07218000
1743640915,83196.26000000,83196.25000000,83196.24000000,83196.23000000,83196.22000000,0.00000000,0.00000000,0.00000000,0.00000000,0.00000000,83188.38000000,83188.39000000,83188.42000000,83188.63000000,83188.64000000,6.03760000,0.00186000,0.00000000,0.00021000,0.21352000
1743640916,83188.37000000,83188.36000000,83188.26000000,83188.25000000,83188.12000000,3.25569000,0.00186000,0.00127000,0.00367000,0.00127000,83188.38000000,83188.63000000,83188.64000000,83188.65000000,83188.87000000,1.11458000,0.00007000,0.00007000,0.00007000,0.00007000
1743640917,83188.37000000,83188.01000000,83188.00000000,83187.98000000,83187.91000000,0.58235000,0.00007000,0.00007000,0.00007000,0.00008000,83188.38000000,83188.39000000,83188.50000000,83188.57000000,83188.86000000,3.42880000,0.00186000,0.00258000,0.00015000,0.00007000
1743640918,83188.37000000,83188.36000000,83188.01000000,83188.00000000,83187.58000000,2.36633000,0.00186000,0.00021000,0.05804000,0.00014000,83188.38000000,83188.50000000,83188.99000000,83190.00000000,83190.15000000,1.56245000,0.00007000,0.33564000,0.05804000,0.00253000
1743640919,83188.37000000,83188.36000000,83188.00000000,83187.62000000,83187.61000000,3.46755000,0.00186000,0.05804000,0.00014000,0.29106000,83188.38000000,83188.39000000,83188.43000000,83188.50000000,83188.51000000,1.59482000,0.00186000,0.00259000,0.00273000,0.32741000
1743640920,83188.37000000,83188.36000000,83188.25000000,83188.14000000,83188.13000000,3.43487000,0.00186000,0.00367000,0.00021000,0.38425000,83188.38000000,83188.50000000,83188.51000000,83188.52000000,83188.57000000,0.66284000,0.00007000,0.00007000,0.00007000,0.00007000
1743640921,83190.44000000,83190.43000000,83190.34000000,83190.33000000,83190.01000000,6.00041000,0.00193000,0.00007000,0.00007000,0.00021000,83188.38000000,83188.39000000,83188.43000000,83188.50000000,83188.51000000,0.00000000,0.00000000,0.00000000,0.00000000,0.00000000
1743640922,83190.44000000,83188.66000000,83188.42000000,83188.38000000,83188.37000000,5.20551000,0.22575000,0.50014000,0.01809000,0.63566000,83190.45000000,83190.46000000,83191.23000000,83191.24000000,83191.25000000,1.17530000,0.00207000,0.00021000,0.44518000,0.00049000
1743640923,83190.44000000,83188.37000000,83187.58000000,83182.28000000,83181.37000000,5.81901000,0.63768000,0.00000000,0.00000000,0.00000000,83190.45000000,83193.22000000,83201.42000000,83203.20000000,83205.59000000,1.64658000,0.00000000,0.00000000,0.00000000,0.00000000
1743640924,83190.44000000,83190.33000000,83190.06000000,83190.05000000,83189.99000000,6.39811000,0.00007000,0.00021000,0.06026000,0.00000000,83190.45000000,83191.23000000,83191.24000000,83191.26000000,83191.99000000,0.56333000,0.00007000,0.00014000,0.79370000,0.00014000
1743640925,83190.44000000,83190.05000000,83190.00000000,83182.28000000,83174.08000000,6.49648000,0.06033000,0.05818000,0.01500000,0.00059000,83190.45000000,83190.46000000,83191.24000000,83191.25000000,83191.99000000,0.34764000,0.00197000,0.00007000,0.00056000,0.00171000
1743640926,83204.01000000,83204.00000000,83203.99000000,83203.52000000,83203.51000000,5.90290000,0.27730000,0.00014000,0.00021000,0.79358000,83190.45000000,83190.46000000,83191.17000000,83191.23000000,83191.24000000,0.00000000,0.00000000,0.00000000,0.00000000,0.00000000
1743640927,83204.01000000,83204.00000000,83203.99000000,83203.53000000,83203.52000000,5.04395000,0.22667000,0.00007000,0.00021000,0.52916000,83204.02000000,83204.03000000,83204.11000000,83204.12000000,83204.26000000,1.84921000,0.00242000,0.00007000,0.00007000,0.00007000
1743640928,83204.01000000,83200.26000000,83197.11000000,83196.13000000,83192.21000000,5.89473000,0.00200000,0.00421000,0.00000000,0.00600000,83204.02000000,83204.03000000,83204.69000000,83204.70000000,83205.99000000,0.60042000,0.00252000,0.00007000,0.00014000,0.00021000
1743640929,83204.01000000,83204.00000000,83203.99000000,83203.90000000,83203.52000000,5.88868000,0.24667000,0.00007000,0.02014000,0.52902000,83204.02000000,83204.69000000,83204.70000000,83205.99000000,83206.78000000,0.32398000,0.00007000,0.00014000,0.00021000,0.00300000
1743640930,83206.77000000,83206.76000000,83206.08000000,83206.01000000,83206.00000000,7.54312000,0.05111000,0.00014000,0.00021000,0.05818000,83204.02000000,83204.03000000,83204.11000000,83204.12000000,83204.26000000,0.00000000,0.00000000,0.00000000,0.00000000,0.00000000
1743640931,83225.91000000,83225.90000000,83225.84000000,83225.83000000,83225.76000000,4.03743000,0.00007000,0.00007000,0.00007000,0.00007000,83206.78000000,83206.79000000,83206.85000000,83207.73000000,83207.88000000,0.00000000,0.00000000,0.00000000,0.00000000,0.00000000
1743640932,83225.91000000,83225.90000000,83225.88000000,83225.74000000,83225.70000000,5.14225000,0.00007000,0.00015000,0.00007000,0.00000000,83225.92000000,83225.93000000,83225.94000000,83225.95000000,83225.98000000,0.16667000,0.00045000,0.00096000,0.00014000,0.00119000
1743640933,83225.91000000,83224.80000000,83224.61000000,83224.60000000,83224.01000000,5.55743000,0.04828000,0.00014000,0.18056000,0.00000000,83225.92000000,83225.93000000,83225.94000000,83225.95000000,83225.98000000,0.26180000,0.00069000,0.21957000,0.00007000,0.00119000
1743640934,83227.57000000,83226.96000000,83226.83000000,83226.82000000,83226.77000000,4.49639000,0.00000000,0.00021000,0.06424000,0.00007000,83225.92000000,83225.93000000,83225.94000000,83225.95000000,83225.97000000,0.00000000,0.00000000,0.00000000,0.00000000,0.00000000
1743640935,83227.57000000,83226.84000000,83226.83000000,83226.82000000,83226.77000000,3.64774000,0.00021000,0.08972000,0.06424000,0.00007000,83227.58000000,83227.59000000,83227.71000000,83228.13000000,83228.65000000,2.12800000,0.00114000,0.00007000,0.00008000,0.01830000
1743640936,83227.57000000,83226.83000000,83226.82000000,83226.77000000,83226.76000000,4.96295000,0.06449000,0.06424000,0.00021000,0.06026000,83227.58000000,83227.78000000,83227.99000000,83228.00000000,83228.43000000,0.39346000,0.00086000,0.00014000,0.06007000,0.00000000
1743640937,83227.57000000,83227.21000000,83226.83000000,83226.82000000,83226.76000000,5.19080000,0.79315000,0.06456000,0.06431000,0.06033000,83227.58000000,83227.59000000,83227.61000000,83227.78000000,83227.99000000,0.00506000,0.00025000,0.00014000,0.00086000,0.00000000
1743640938,83237.98000000,83237.97000000,83237.92000000,83237.88000000,83237.87000000,5.02284000,0.05021000,0.00000000,0.00007000,0.00007000,83227.58000000,83227.59000000,83227.60000000,83227.61000000,83227.66000000,0.00000000,0.00000000,0.00000000,0.00000000,0.00000000
1743640939,83247.72000000,83247.71000000,83247.10000000,83246.93000000,83246.92000000,7.77379000,0.00049000,0.00036000,0.00021000,0.04265000,83237.99000000,83238.00000000,83238.01000000,83238.12000000,83238.37000000,0.00000000,0.00000000,0.00000000,0.00000000,0.00000000
1743640940,83257.61000000,83257.60000000,83257.57000000,83257.56000000,83257.55000000,7.24085000,0.00000000,0.00007000,0.00007000,0.00007000,83247.73000000,83247.74000000,83247.75000000,83247.84000000,83247.86000000,0.00000000,0.00000000,0.00000000,0.00000000,0.00000000
1743640941,83257.61000000,83256.80000000,83256.78000000,83256.18000000,83256.00000000,6.54607000,0.61623000,0.64865000,0.79301000,0.05804000,83257.62000000,83257.63000000,83257.64000000,83257.75000000,83257.89000000,0.35539000,0.00017000,0.00186000,0.00014000,0.00007000
1743640942,83257.61000000,83256.78000000,83256.00000000,83255.94000000,83252.20000000,7.20016000,0.58853000,0.05804000,0.35560000,0.01500000,83257.62000000,83257.99000000,83258.00000000,83258.13000000,83258.45000000,0.12604000,0.00007000,0.00000000,0.02520000,0.00018000
1743640943,83257.61000000,83246.37000000,83245.76000000,83244.00000000,83240.95000000,7.55107000,0.00000000,0.02359000,0.10590000,0.06000000,83257.62000000,83258.13000000,83259.08000000,83259.85000000,83259.86000000,0.12260000,0.02520000,0.00007000,0.00000000,0.00000000
1743640944,83282.46000000,83282.45000000,83282.42000000,83282.41000000,83282.40000000,4.27467000,0.04967000,0.00021000,0.05834000,0.04814000,83257.62000000,83257.63000000,83257.64000000,83257.75000000,83257.89000000,0.00000000,0.00000000,0.00000000,0.00000000,0.00000000
1743640945,83282.46000000,83282.45000000,83282.43000000,83282.42000000,83282.41000000,3.69745000,0.00007000,0.00007000,0.00021000,0.03478000,83282.47000000,83282.48000000,83282.49000000,83282.60000000,83282.68000000,2.96229000,0.00152000,0.00097000,0.00007000,0.00021000
1743640946,83282.46000000,83282.45000000,83282.44000000,83282.43000000,83282.42000000,0.00000000,0.00000000,0.00000000,0.00000000,0.00000000,83275.66000000,83276.00000000,83276.45000000,83276.46000000,83276.49000000,3.67198000,0.10590000,0.00007000,1.04124000,0.00014000
1743640947,83275.65000000,83275.00000000,83274.83000000,83274.60000000,83274.13000000,0.00000000,0.00000000,0.00000000,0.00000000,0.00000000,83264.16000000,83264.17000000,83264.18000000,83264.90000000,83264.93000000,2.86399000,0.00099000,0.00089000,0.00120000,0.00000000
1743640948,83264.15000000,83264.14000000,83264.10000000,83264.01000000,83264.00000000,2.94459000,0.00536000,0.00015000,0.00021000,0.05811000,83264.16000000,83264.17000000,83264.18000000,83264.90000000,83265.70000000,1.05257000,0.00196000,0.00007000,0.00127000,0.00014000
1743640949,83264.15000000,83263.20000000,83262.72000000,83262.71000000,83262.70000000,2.86726000,0.04814000,0.00014000,0.27901000,0.13649000,83264.16000000,83264.17000000,83264.90000000,83265.34000000,83265.78000000,1.41364000,0.00196000,0.00007000,0.00260000,0.00021000
1743640950,83264.15000000,83264.14000000,83247.50000000,83246.37000000,83243.01000000,2.28257000,0.00537000,0.00000000,0.00600000,0.15471000,83264.16000000,83264.17000000,83265.34000000,83265.70000000,83265.78000000,1.94110000,0.00185000,0.00007000,0.00007000,0.00021000
1743640951,83264.15000000,83264.00000000,83263.21000000,83263.20000000,83262.71000000,2.03873000,0.05804000,0.00007000,0.00007000,0.19124000,83264.16000000,83267.99000000,83272.08000000,83272.48000000,83275.60000000,2.32841000,0.00893000,0.35560000,0.00600000,0.00000000
1743640952,83264.15000000,83264.14000000,83264.10000000,83264.06000000,83264.01000000,0.00000000,0.00000000,0.00000000,0.00000000,0.00000000,83257.64000000,83257.65000000,83257.66000000,83257.74000000,83257.93000000,2.31245000,0.29633000,0.79571000,0.00260000,0.00014000
1743640953,83257.63000000,83257.47000000,83257.34000000,83256.36000000,83253.84000000,1.90196000,0.00007000,0.00015000,0.17004000,0.23277000,83257.64000000,83257.65000000,83257.74000000,83257.89000000,83259.00000000,1.62710000,0.35647000,0.00260000,0.00014000,0.00120000
1743640954,83257.63000000,83257.62000000,83255.88000000,83255.46000000,83253.84000000,2.38811000,0.02187000,0.00000000,0.00000000,0.45868000,83257.64000000,83257.65000000,83257.66000000,83257.74000000,83257.79000000,1.98893000,0.00187000,0.00270000,0.00260000,0.00021000
1743640955,83266.31000000,83266.30000000,83265.99000000,83265.98000000,83264.15000000,0.38714000,0.09690000,0.58175000,0.09690000,0.09830000,83257.64000000,83257.65000000,83257.66000000,83257.74000000,83257.75000000,0.00000000,0.00000000,0.00000000,0.00000000,0.00000000
1743640956,83266.31000000,83266.30000000,83266.09000000,83266.08000000,83266.07000000,4.97254000,0.00111000,0.00021000,0.38392000,0.00007000,83266.32000000,83266.33000000,83266.53000000,83266.58000000,83266.76000000,2.45145000,0.00208000,0.00007000,0.00015000,0.00021000
1743640957,83269.43000000,83269.03000000,83268.86000000,83268.85000000,83268.01000000,7.02304000,0.00014000,0.00007000,0.00028000,0.00021000,83266.32000000,83266.33000000,83266.53000000,83266.58000000,83266.76000000,0.00000000,0.00000000,0.00000000,0.00000000,0.00000000
1743640958,83280.92000000,83280.91000000,83280.74000000,83280.32000000,83280.01000000,6.38944000,0.00097000,0.00000000,0.00000000,0.00021000,83269.44000000,83269.45000000,83269.85000000,83269.98000000,83269.99000000,0.00000000,0.00000000,0.00000000,0.00000000,0.00000000
1743640959,83283.04000000,83283.03000000,83282.41000000,83282.40000000,83282.28000000,4.72510000,0.00096000,0.00021000,0.04828000,0.00007000,83280.93000000,83280.94000000,83281.04000000,83281.05000000,83281.06000000,0.00000000,0.00000000,0.00000000,0.00000000,0.00000000
1743640960,83297.15000000,83297.14000000,83296.73000000,83296.71000000,83296.70000000,4.83942000,0.04211000,0.16670000,1.19719000,5.76278000,83283.05000000,83283.06000000,83283.10000000,83283.11000000,83283.12000000,0.00000000,0.00000000,0.00000000,0.00000000,0.00000000
1743640961,83299.99000000,83299.98000000,83299.91000000,83299.90000000,83299.80000000,8.74357000,0.00096000,0.00007000,0.00000000,0.00007000,83297.16000000,83297.17000000,83297.43000000,83297.44000000,83297.51000000,0.00000000,0.00000000,0.00000000,0.00000000,0.00000000
1743640962,83299.99000000,83299.98000000,83299.91000000,83299.81000000,83299.80000000,0.00000000,0.00000000,0.00000000,0.00000000,0.00000000,83296.65000000,83297.16000000,83297.17000000,83297.19000000,83297.20000000,5.59377000,0.00000000,0.00007000,1.05323000,0.00014000
1743640963,83296.64000000,83296.36000000,83296.03000000,83296.02000000,83296.01000000,0.00000000,0.00000000,0.00000000,0.02062000,0.00103000,83296.03000000,83296.04000000,83296.06000000,83296.07000000,83296.08000000,5.61853000,0.00196000,0.00021000,0.34533000,0.35134000
1743640964,83296.02000000,83296.01000000,83296.00000000,83295.53000000,83294.62000000,0.00000000,0.00000000,0.00000000,0.00000000,0.00000000,83288.01000000,83288.02000000,83288.07000000,83288.78000000,83288.79000000,6.90215000,0.00198000,0.00021000,0.00021000,0.03238000
1743640965,83288.00000000,83286.01000000,83285.66000000,83284.59000000,83284.58000000,1.43739000,0.07299000,0.16122000,0.00000000,0.00000000,83288.01000000,83288.02000000,83288.07000000,83288.14000000,83288.80000000,8.11852000,0.00187000,0.00007000,0.00258000,0.04807000
1743640966,83288.00000000,83287.79000000,83287.59000000,83287.54000000,83287.46000000,0.83098000,0.00007000,0.00007000,0.00015000,0.00071000,83288.01000000,83288.79000000,83288.80000000,83293.17000000,83295.20000000,8.28456000,0.03245000,0.04814000,0.14537000,0.04807000
1743640967,83288.00000000,83287.54000000,83287.53000000,83287.46000000,83287.45000000,0.59932000,0.00007000,0.00015000,0.00071000,0.00000000,83288.01000000,83288.14000000,83288.52000000,83288.80000000,83289.27000000,8.29791000,0.00258000,0.00014000,0.04814000,0.00000000
1743640968,83288.00000000,83287.53000000,83287.46000000,83287.02000000,83286.02000000,0.32209000,0.00007000,0.00071000,0.00008000,0.00150000,83288.01000000,83288.79000000,83288.80000000,83290.00000000,83291.96000000,8.88837000,0.03252000,0.04821000,0.05804000,0.01192000
1743640969,83288.00000000,83287.46000000,83287.02000000,83286.01000000,83284.86000000,1.85256000,0.00071000,0.00000000,0.08637000,0.00445000,83288.01000000,83293.17000000,83295.52000000,83295.53000000,83295.98000000,7.59236000,0.05576000,0.00000000,0.00000000,0.00007000
1743640970,83288.00000000,83285.85000000,83285.50000000,83284.86000000,83284.85000000,0.24447000,0.00252000,0.14962000,0.00000000,0.00000000,83288.01000000,83288.02000000,83291.96000000,83292.66000000,83292.69000000,7.87257000,0.00198000,0.01110000,0.00007000,0.00600000
1743640971,83288.00000000,83287.99000000,83287.79000000,83287.59000000,83287.54000000,0.00000000,0.00000000,0.00000000,0.00000000,0.00000000,83284.06000000,83284.07000000,83284.18000000,83284.38000000,83284.52000000,6.20224000,0.00196000,0.00258000,0.00014000,0.00007000
1743640972,83284.05000000,83283.92000000,83283.78000000,83283.77000000,83283.34000000,1.22902000,0.00014000,0.00021000,0.16551000,0.00000000,83284.06000000,83284.07000000,83284.17000000,83284.18000000,83284.66000000,5.26323000,0.00196000,0.00021000,0.30269000,0.00007000
1743640973,83284.05000000,83284.01000000,83284.00000000,83283.94000000,83283.92000000,0.24763000,0.00021000,0.05804000,0.00007000,0.00014000,83284.06000000,83284.07000000,83284.16000000,83284.17000000,83284.18000000,7.23112000,0.00196000,0.00007000,0.00028000,0.30542000
1743640974,83284.05000000,83284.01000000,83284.00000000,83283.94000000,83283.79000000,3.15172000,0.00021000,0.05818000,0.00007000,0.00007000,83284.06000000,83284.17000000,83284.18000000,83284.22000000,83284.23000000,0.53482000,0.00007000,0.00510000,0.00007000,0.00007000
1743640975,83284.05000000,83284.04000000,83284.01000000,83284.00000000,83283.94000000,0.00000000,0.00000000,0.00000000,0.00000000,0.00000000,83283.34000000,83283.35000000,83283.45000000,83283.46000000,83283.50000000,1.55377000,0.00097000,0.00258000,0.00260000,0.00007000
1743640976,83283.33000000,83283.32000000,83283.31000000,83283.20000000,83282.88000000,2.85433000,0.00007000,0.00096000,0.00014000,0.00120000,83283.34000000,83283.35000000,83283.39000000,83283.40000000,83283.46000000,1.89450000,0.00107000,0.00021000,0.02014000,0.00260000
1743640977,83283.33000000,83283.32000000,83283.31000000,83283.20000000,83283.11000000,0.00000000,0.00000000,0.00000000,0.00000000,0.00000000,83270.65000000,83270.76000000,83271.34000000,83271.35000000,83271.50000000,2.95645000,0.00258000,0.00007000,0.00007000,0.00014000
1743640978,83270.64000000,83268.39000000,83266.74000000,83266.35000000,83266.34000000,2.39520000,0.33132000,0.01309000,0.00014000,0.35560000,83270.65000000,83270.66000000,83270.69000000,83270.70000000,83270.76000000,3.75974000,0.00097000,0.00021000,0.02014000,0.00258000
1743640979,83270.64000000,83270.00000000,83269.61000000,83269.60000000,83269.03000000,2.93954000,0.05818000,0.00000000,0.00000000,0.00000000,83270.65000000,83271.65000000,83272.00000000,83273.48000000,83273.49000000,4.25968000,0.11257000,0.05797000,0.00007000,0.24022000
1743640980,83270.64000000,83270.63000000,83270.62000000,83270.53000000,83270.52000000,0.00000000,0.00000000,0.00000000,0.00000000,0.00000000,83251.37000000,83251.38000000,83251.58000000,83251.99000000,83252.00000000,5.00492000,0.00103000,0.00014000,0.00021000,1.01543000
1743640981,83251.36000000,83251.35000000,83251.34000000,83250.50000000,83250.49000000,0.00000000,0.00000000,0.00000000,0.00000000,0.00000000,83246.01000000,83246.02000000,83246.10000000,83246.17000000,83246.18000000,0.16357000,0.00097000,0.00259000,0.00007000,0.00007000
1743640982,83246.00000000,83245.99000000,83245.98000000,83245.92000000,83245.91000000,0.00000000,0.00000000,0.00000000,0.00000000,0.00000000,83245.02000000,83245.32000000,83245.39000000,83245.40000000,83245.45000000,3.86396000,0.00000000,0.00014000,0.02763000,0.00000000
1743640983,83245.01000000,83245.00000000,83244.99000000,83244.82000000,83244.60000000,0.00000000,0.00000000,0.00000000,0.00000000,0.00000000,83242.01000000,83242.02000000,83242.08000000,83242.11000000,83242.37000000,5.26177000,0.00187000,0.00259000,0.00259000,0.00127000
1743640984,83242.00000000,83241.99000000,83241.70000000,83241.62000000,83241.61000000,0.00000000,0.00000000,0.00000000,0.00000000,0.00000000,83239.12000000,83239.13000000,83239.18000000,83239.22000000,83239.26000000,6.58196000,0.00187000,0.00259000,0.00259000,0.00007000
1743640985,83239.11000000,83239.10000000,83238.39000000,83238.38000000,83238.10000000,0.00000000,0.00000000,0.00000000,0.00000000,0.00000000,83221.95000000,83221.96000000,83221.97000000,83221.98000000,83221.99000000,2.76352000,0.00089000,0.00021000,0.00014000,0.00021000
1743640986,83221.94000000,83221.93000000,83221.91000000,83221.82000000,83221.25000000,0.00000000,0.00000000,0.00000000,0.00000000,0.00000000,83215.52000000,83215.53000000,83215.57000000,83215.71000000,83215.82000000,3.29819000,0.00186000,0.00259000,0.00007000,0.00007000
1743640987,83215.51000000,83215.50000000,83214.74000000,83214.73000000,83214.72000000,0.48661000,0.01720000,0.00007000,0.00007000,0.00164000,83215.52000000,83215.99000000,83216.00000000,83216.64000000,83216.99000000,2.82282000,0.47443000,0.05804000,0.04007000,0.04224000
1743640988,83227.43000000,83227.42000000,83226.79000000,83226.72000000,83226.71000000,6.75939000,0.05193000,0.00000000,0.00000000,0.00007000,83215.52000000,83215.53000000,83215.57000000,83215.61000000,83215.71000000,0.00000000,0.00000000,0.00000000,0.00000000,0.00000000
1743640989,83227.43000000,83227.42000000,83226.84000000,83226.83000000,83226.82000000,6.65439000,0.05207000,0.00014000,0.36306000,0.79322000,83227.44000000,83227.45000000,83227.47000000,83227.51000000,83227.52000000,0.68521000,0.00218000,0.00175000,0.00127000,0.00457000
1743640990,83227.43000000,83227.42000000,83226.84000000,83226.83000000,83226.82000000,7.42840000,0.05221000,0.00021000,0.25650000,0.79336000,83227.44000000,83227.45000000,83227.47000000,83227.51000000,83227.52000000,0.06086000,0.00228000,0.00007000,0.00007000,0.00007000
1743640991,83227.43000000,83227.42000000,83226.91000000,83226.90000000,83226.89000000,6.18476000,0.00200000,0.00021000,0.25662000,0.79329000,83227.44000000,83227.57000000,83227.58000000,83227.59000000,83227.61000000,0.16477000,0.00063000,0.00007000,0.00007000,0.00007000
1743640992,83229.99000000,83229.98000000,83229.67000000,83229.27000000,83228.88000000,1.47210000,0.00090000,0.00008000,0.00000000,0.00000000,83227.44000000,83227.45000000,83227.47000000,83227.51000000,83227.52000000,0.00000000,0.00000000,0.00000000,0.00000000,0.00000000
1743640993,83229.99000000,83229.40000000,83229.39000000,83229.36000000,83229.35000000,2.51892000,0.00000000,0.00007000,0.00000000,0.00000000,83230.00000000,83230.01000000,83230.02000000,83230.03000000,83230.08000000,1.46457000,0.00209000,0.00045000,0.20103000,0.00007000
1743640994,83229.99000000,83227.50000000,83227.44000000,83227.43000000,83227.42000000,2.02110000,0.07093000,0.00021000,0.15999000,0.00253000,83230.00000000,83230.10000000,83230.11000000,83230.54000000,83230.55000000,2.57115000,0.00007000,0.00252000,0.00000000,0.01514000
1743640995,83229.99000000,83227.50000000,83227.43000000,83227.42000000,83227.21000000,2.55225000,0.29930000,0.15999000,0.00000000,0.00000000,83230.00000000,83230.10000000,83230.11000000,83230.22000000,83230.55000000,1.32729000,0.00007000,0.00000000,0.01823000,0.00007000
1743640996,83229.99000000,83229.67000000,83229.57000000,83229.39000000,83228.98000000,2.61514000,0.00000000,0.00008000,0.00000000,0.00253000,83230.00000000,83230.01000000,83230.02000000,83230.10000000,83230.11000000,4.29585000,0.00223000,0.14822000,0.00007000,0.00252000
1743640997,83229.99000000,83228.98000000,83228.44000000,83228.01000000,83227.43000000,2.61762000,0.00000000,0.00000000,0.08775000,0.16089000,83230.00000000,83230.10000000,83230.11000000,83230.22000000,83230.55000000,3.59500000,0.00007000,0.00000000,0.01823000,0.01507000
1743640998,83229.99000000,83228.56000000,83228.44000000,83228.01000000,83227.43000000,2.67271000,0.00252000,0.00007000,0.18386000,0.16089000,83230.00000000,83230.01000000,83230.02000000,83230.10000000,83230.11000000,2.88134000,0.00223000,0.20948000,0.00007000,0.00253000
1743640999,83229.99000000,83228.01000000,83227.43000000,83226.31000000,83226.30000000,2.08631000,0.08775000,0.16089000,0.00000000,0.00000000,83230.00000000,83230.02000000,83230.22000000,83230.55000000,83232.00000000,3.51297000,0.13572000,0.01823000,0.01507000,0.05790000
